{
  "titulo": {
    "es": "¿Cómo se demuestra la lealtad a Dios?",
    "en": "How is loyalty to God demonstrated?"
  },
  "contenido": {
    "es": "Manteniéndose fiel bajo pruebas y obedeciendo sus mandamientos.",
    "en": "By remaining faithful under trial and obeying His commandments."
  },
  "cita": "Salmo 31:23",
  "argumentos": {
    "argumentos_biblicos": [],
    "argumentos_logicos": [],
    "argumentos_historicos": []
  },
  "versiculos": [
    "Salmo 31:23"
  ],
  "enlaces": [],
  "fuentes_recomendadas": [],
  "conclusion": {
    "es": "",
    "en": ""
  },
  "categoria": "Conducta"
}