{
  "titulo": {
    "es": "¿Cómo se muestra la misericordia cristiana?",
    "en": "How is Christian mercy shown?"
  },
  "contenido": {
    "es": "Perdonando, ayudando a los necesitados y actuando con compasión.",
    "en": "By forgiving, helping those in need, and acting with compassion."
  },
  "cita": "Lucas 6:36",
  "argumentos": {
    "argumentos_biblicos": [],
    "argumentos_logicos": [],
    "argumentos_historicos": []
  },
  "versiculos": [
    "Lucas 6:36"
  ],
  "enlaces": [],
  "fuentes_recomendadas": [],
  "conclusion": {
    "es": "",
    "en": ""
  },
  "categoria": "Conducta"
}