{
  "titulo": {
    "es": "¿Cómo vemos el futuro según la Biblia?",
    "en": "How does the Bible view the future?"
  },
  "contenido": {
    "es": "Dios promete un mundo nuevo lleno de justicia.",
    "en": "God promises a new world filled with righteousness."
  },
  "cita": "2 Pedro 3:13",
  "argumentos": {
    "argumentos_biblicos": [],
    "argumentos_logicos": [],
    "argumentos_historicos": []
  },
  "versiculos": [
    "2 Pedro 3:13"
  ],
  "enlaces": [
    "https://www.jw.org/es/biblioteca/libros/buena-noticia-mundo-nuevo/"
  ],
  "fuentes_recomendadas": [],
  "conclusion": {
    "es": "",
    "en": ""
  },
  "categoria": "Esperanza"
}