{
  "titulo": {
    "es": "¿Cómo debemos vestirnos como cristianos?",
    "en": "How should Christians dress?"
  },
  "contenido": {
    "es": "Con modestia y respeto, reflejando dignidad y buen juicio.",
    "en": "With modesty and respect, reflecting dignity and sound judgment."
  },
  "cita": "1 Timoteo 2:9",
  "argumentos": {
    "argumentos_biblicos": [],
    "argumentos_logicos": [],
    "argumentos_historicos": []
  },
  "versiculos": [
    "1 Timoteo 2:9"
  ],
  "enlaces": [],
  "fuentes_recomendadas": [],
  "conclusion": {
    "es": "",
    "en": ""
  },
  "categoria": "Conducta"
}