{
  "titulo": {
    "es": "¿Cómo se demuestra la paciencia cristiana?",
    "en": "How is Christian patience demonstrated?"
  },
  "contenido": {
    "es": "Al soportar pruebas sin perder la fe y seguir confiando en Jehová.",
    "en": "By enduring trials without losing faith and continuing to trust in Jehovah."
  },
  "cita": "Romanos 12:12",
  "argumentos": {
    "argumentos_biblicos": [],
    "argumentos_logicos": [],
    "argumentos_historicos": []
  },
  "versiculos": [
    "Romanos 12:12"
  ],
  "enlaces": [],
  "fuentes_recomendadas": [],
  "conclusion": {
    "es": "",
    "en": ""
  },
  "categoria": "Conducta"
}