{
  "titulo": {
    "es": "¿Cómo muestra Jehová su amor por la humanidad?",
    "en": "How does Jehovah show his love for humanity?"
  },
  "contenido": {
    "es": "Dio a su Hijo para que tengamos vida eterna.",
    "en": "He gave His Son so we may have eternal life."
  },
  "cita": "Juan 3:16",
  "argumentos": {
    "argumentos_biblicos": [],
    "argumentos_logicos": [],
    "argumentos_historicos": []
  },
  "versiculos": [
    "Juan 3:16"
  ],
  "enlaces": [],
  "fuentes_recomendadas": [],
  "conclusion": {
    "es": "",
    "en": ""
  },
  "categoria": "Doctrina"
}