{
  "titulo": {
    "es": "¿Cómo debemos tratar a los animales?",
    "en": "How should we treat animals?"
  },
  "contenido": {
    "es": "Con respeto y cuidado, reconociendo que son creación de Dios.",
    "en": "With respect and care, recognizing they are God's creation."
  },
  "cita": "Proverbios 12:10",
  "argumentos": {
    "argumentos_biblicos": [],
    "argumentos_logicos": [],
    "argumentos_historicos": []
  },
  "versiculos": [
    "Proverbios 12:10"
  ],
  "enlaces": [],
  "fuentes_recomendadas": [],
  "conclusion": {
    "es": "",
    "en": ""
  },
  "categoria": "Conducta"
}