{
  "titulo": {
    "es": "¿Cómo agradar a Dios como familia?",
    "en": "How can we please God as a family?"
  },
  "contenido": {
    "es": "Orando juntos, estudiando la Biblia y aplicando sus principios en el hogar.",
    "en": "By praying together, studying the Bible, and applying its principles at home."
  },
  "cita": "Efesios 5:33–6:4",
  "argumentos": {
    "argumentos_biblicos": [],
    "argumentos_logicos": [],
    "argumentos_historicos": []
  },
  "versiculos": [
    "Efesios 5:33–6:4"
  ],
  "enlaces": [],
  "fuentes_recomendadas": [],
  "conclusion": {
    "es": "",
    "en": ""
  },
  "categoria": "Conducta"
}