{
  "titulo": {
    "es": "¿Cómo podemos acercarnos a Dios?",
    "en": "How can we draw close to God?"
  },
  "contenido": {
    "es": "A través de la oración y el estudio de su Palabra.",
    "en": "Through prayer and studying His Word."
  },
  "cita": "Santiago 4:8",
  "argumentos": {
    "argumentos_biblicos": [],
    "argumentos_logicos": [],
    "argumentos_historicos": []
  },
  "versiculos": [
    "Santiago 4:8"
  ],
  "enlaces": [],
  "fuentes_recomendadas": [],
  "conclusion": {
    "es": "",
    "en": ""
  },
  "categoria": "Doctrina"
}