{
  "titulo": {
    "es": "¿Cómo debemos ver a Jesucristo?",
    "en": "How should we view Jesus Christ?"
  },
  "contenido": {
    "es": "Como el Hijo de Dios y nuestro Rey designado.",
    "en": "As the Son of God and our appointed King."
  },
  "cita": "Lucas 1:32-33",
  "argumentos": {
    "argumentos_biblicos": [],
    "argumentos_logicos": [],
    "argumentos_historicos": []
  },
  "versiculos": [
    "Lucas 1:32-33"
  ],
  "enlaces": [],
  "fuentes_recomendadas": [],
  "conclusion": {
    "es": "",
    "en": ""
  },
  "categoria": "Doctrina"
}