{
  "titulo": {
    "es": "¿Cómo debemos tratar a los enemigos?",
    "en": "How should we treat enemies?"
  },
  "contenido": {
    "es": "Con amor y sin deseo de venganza, como enseñó Jesús.",
    "en": "With love and without desire for revenge, as Jesus taught."
  },
  "cita": "Mateo 5:44",
  "argumentos": {
    "argumentos_biblicos": [],
    "argumentos_logicos": [],
    "argumentos_historicos": []
  },
  "versiculos": [
    "Mateo 5:44"
  ],
  "enlaces": [],
  "fuentes_recomendadas": [],
  "conclusion": {
    "es": "",
    "en": ""
  },
  "categoria": "Conducta"
}