{
  "titulo": {
    "es": "¿Cómo mantener la esperanza en tiempos difíciles?",
    "en": "How can we keep hope in difficult times?"
  },
  "contenido": {
    "es": "Recordando las promesas de Dios y apoyándonos en la congregación.",
    "en": "By remembering God’s promises and relying on the congregation."
  },
  "cita": "Hebreos 10:23-25",
  "argumentos": {
    "argumentos_biblicos": [],
    "argumentos_logicos": [],
    "argumentos_historicos": []
  },
  "versiculos": [
    "Hebreos 10:23-25"
  ],
  "enlaces": [],
  "fuentes_recomendadas": [],
  "conclusion": {
    "es": "",
    "en": ""
  },
  "categoria": "Esperanza"
}