{
  "titulo": {
    "es": "¿Cómo muestra Jehová su misericordia?",
    "en": "How does Jehovah show mercy?"
  },
  "contenido": {
    "es": "Jehová perdona con generosidad a los que se arrepienten sinceramente.",
    "en": "Jehovah generously forgives those who sincerely repent."
  },
  "cita": "Isaías 55:7",
  "argumentos": {
    "argumentos_biblicos": [],
    "argumentos_logicos": [],
    "argumentos_historicos": []
  },
  "versiculos": [
    "Isaías 55:7"
  ],
  "enlaces": [],
  "fuentes_recomendadas": [],
  "conclusion": {
    "es": "",
    "en": ""
  },
  "categoria": "Doctrina"
}