{
  "titulo": {
    "es": "¿Cómo fortalecer nuestra relación con Jehová?",
    "en": "How can we strengthen our relationship with Jehovah?"
  },
  "contenido": {
    "es": "Mediante la oración, el estudio y la obediencia diaria.",
    "en": "Through prayer, study, and daily obedience."
  },
  "cita": "Santiago 4:8",
  "argumentos": {
    "argumentos_biblicos": [],
    "argumentos_logicos": [],
    "argumentos_historicos": []
  },
  "versiculos": [
    "Santiago 4:8"
  ],
  "enlaces": [],
  "fuentes_recomendadas": [],
  "conclusion": {
    "es": "",
    "en": ""
  },
  "categoria": "Doctrina"
}