{
  "titulo": {
    "es": "¿Cómo debemos tratar a los demás según la Biblia?",
    "en": "How should we treat others according to the Bible?"
  },
  "contenido": {
    "es": "Como queremos que nos traten a nosotros.",
    "en": "As we would like to be treated."
  },
  "cita": "Mateo 7:12",
  "argumentos": {
    "argumentos_biblicos": [],
    "argumentos_logicos": [],
    "argumentos_historicos": []
  },
  "versiculos": [
    "Mateo 7:12"
  ],
  "enlaces": [],
  "fuentes_recomendadas": [],
  "conclusion": {
    "es": "",
    "en": ""
  },
  "categoria": "Conducta"
}