{
  "titulo": {
    "es": "¿Cómo usar bien nuestro tiempo?",
    "en": "How can we use our time well?"
  },
  "contenido": {
    "es": "Dedicando tiempo a cosas espirituales y productivas.",
    "en": "By dedicating time to spiritual and productive things."
  },
  "cita": "Efesios 5:15-16",
  "argumentos": {
    "argumentos_biblicos": [],
    "argumentos_logicos": [],
    "argumentos_historicos": []
  },
  "versiculos": [
    "Efesios 5:15-16"
  ],
  "enlaces": [],
  "fuentes_recomendadas": [],
  "conclusion": {
    "es": "",
    "en": ""
  },
  "categoria": "Conducta"
}