{
  "titulo": {
    "es": "¿Cómo muestra Dios amor a la humanidad?",
    "en": "How does God show love to humanity?"
  },
  "contenido": {
    "es": "Envió a su Hijo para darnos vida eterna y cuida de nosotros con ternura.",
    "en": "He sent his Son to give us everlasting life and tenderly cares for us."
  },
  "cita": "Juan 3:16",
  "argumentos": {
    "argumentos_biblicos": [],
    "argumentos_logicos": [],
    "argumentos_historicos": []
  },
  "versiculos": [
    "Juan 3:16"
  ],
  "enlaces": [],
  "fuentes_recomendadas": [],
  "conclusion": {
    "es": "",
    "en": ""
  },
  "categoria": "Doctrina"
}