{
  "titulo": {
    "es": "¿Cómo podemos tener una buena conciencia ante Dios?",
    "en": "How can we have a good conscience before God?"
  },
  "contenido": {
    "es": "Obedeciendo su Palabra y manteniéndonos limpios moralmente.",
    "en": "By obeying His Word and remaining morally clean."
  },
  "cita": "1 Pedro 3:16",
  "argumentos": {
    "argumentos_biblicos": [],
    "argumentos_logicos": [],
    "argumentos_historicos": []
  },
  "versiculos": [
    "1 Pedro 3:16"
  ],
  "enlaces": [],
  "fuentes_recomendadas": [],
  "conclusion": {
    "es": "",
    "en": ""
  },
  "categoria": "Conducta"
}