{
  "titulo": {
    "es": "¿Cómo demostrar que confiamos en Jehová?",
    "en": "How can we show we trust in Jehovah?"
  },
  "contenido": {
    "es": "Obedeciendo su Palabra incluso en circunstancias difíciles.",
    "en": "By obeying His Word even in difficult situations."
  },
  "cita": "Proverbios 3:5-6",
  "argumentos": {
    "argumentos_biblicos": [],
    "argumentos_logicos": [],
    "argumentos_historicos": []
  },
  "versiculos": [
    "Proverbios 3:5-6"
  ],
  "enlaces": [],
  "fuentes_recomendadas": [],
  "conclusion": {
    "es": "",
    "en": ""
  },
  "categoria": "Conducta"
}