{
  "titulo": {
    "es": "¿Cómo afecta la oración a nuestra vida espiritual?",
    "en": "How does prayer affect our spiritual life?"
  },
  "contenido": {
    "es": "Nos mantiene conectados con Jehová y fortalece nuestra fe.",
    "en": "It keeps us connected to Jehovah and strengthens our faith."
  },
  "cita": "Salmo 55:22",
  "argumentos": {
    "argumentos_biblicos": [],
    "argumentos_logicos": [],
    "argumentos_historicos": []
  },
  "versiculos": [
    "Salmo 55:22"
  ],
  "enlaces": [],
  "fuentes_recomendadas": [],
  "conclusion": {
    "es": "",
    "en": ""
  },
  "categoria": "Doctrina"
}