{
  "titulo": {
    "es": "¿Cómo demostrar que amamos a Dios?",
    "en": "How can we show we love God?"
  },
  "contenido": {
    "es": "Guardando sus mandamientos y viviendo según sus normas.",
    "en": "By obeying His commandments and living by His standards."
  },
  "cita": "1 Juan 5:3",
  "argumentos": {
    "argumentos_biblicos": [],
    "argumentos_logicos": [],
    "argumentos_historicos": []
  },
  "versiculos": [
    "1 Juan 5:3"
  ],
  "enlaces": [],
  "fuentes_recomendadas": [],
  "conclusion": {
    "es": "",
    "en": ""
  },
  "categoria": "Doctrina"
}