{
  "titulo": {
    "es": "¿Cómo podemos luchar contra la ansiedad?",
    "en": "How can we fight anxiety?"
  },
  "contenido": {
    "es": "Orando a Dios y confiando en su poder para ayudarnos.",
    "en": "By praying to God and trusting in His power to help us."
  },
  "cita": "Filipenses 4:6-7",
  "argumentos": {
    "argumentos_biblicos": [],
    "argumentos_logicos": [],
    "argumentos_historicos": []
  },
  "versiculos": [
    "Filipenses 4:6-7"
  ],
  "enlaces": [],
  "fuentes_recomendadas": [],
  "conclusion": {
    "es": "",
    "en": ""
  },
  "categoria": "Conducta"
}