{
  "titulo": {
    "es": "¿Cómo podemos prepararnos para el futuro?",
    "en": "How can we prepare for the future?"
  },
  "contenido": {
    "es": "Fortaleciendo nuestra relación con Jehová y confiando en sus promesas.",
    "en": "By strengthening our relationship with Jehovah and trusting in His promises."
  },
  "cita": "Isaías 33:6",
  "argumentos": {
    "argumentos_biblicos": [],
    "argumentos_logicos": [],
    "argumentos_historicos": []
  },
  "versiculos": [
    "Isaías 33:6"
  ],
  "enlaces": [],
  "fuentes_recomendadas": [],
  "conclusion": {
    "es": "",
    "en": ""
  },
  "categoria": "Esperanza"
}