{
  "titulo": {
    "es": "¿Cuál es el propósito de la resurrección?",
    "en": "What is the purpose of the resurrection?"
  },
  "contenido": {
    "es": "Restaurar la vida a quienes han muerto, para que vivan bajo el Reino de Dios.",
    "en": "To restore life to those who have died, so they may live under God’s Kingdom."
  },
  "cita": "Hechos 24:15",
  "argumentos": {
    "argumentos_biblicos": [],
    "argumentos_logicos": [],
    "argumentos_historicos": []
  },
  "versiculos": [
    "Hechos 24:15"
  ],
  "enlaces": [],
  "fuentes_recomendadas": [],
  "conclusion": {
    "es": "",
    "en": ""
  },
  "categoria": "Esperanza"
}