{
  "titulo": {
    "es": "¿Cuál es la misión principal de los cristianos hoy?",
    "en": "What is the main mission of Christians today?"
  },
  "contenido": {
    "es": "Dar testimonio del Reino de Dios a toda la humanidad.",
    "en": "To witness about God’s Kingdom to all mankind."
  },
  "cita": "Mateo 24:14",
  "argumentos": {
    "argumentos_biblicos": [],
    "argumentos_logicos": [],
    "argumentos_historicos": []
  },
  "versiculos": [
    "Mateo 24:14"
  ],
  "enlaces": [],
  "fuentes_recomendadas": [],
  "conclusion": {
    "es": "",
    "en": ""
  },
  "categoria": "Doctrina"
}