{
  "titulo": {
    "es": "¿Cuál es el papel de los ángeles?",
    "en": "What role do angels play?"
  },
  "contenido": {
    "es": "Sirven como mensajeros de Dios y ayudan a sus siervos.",
    "en": "They serve as God’s messengers and assist His servants."
  },
  "cita": "Hebreos 1:14",
  "argumentos": {
    "argumentos_biblicos": [],
    "argumentos_logicos": [],
    "argumentos_historicos": []
  },
  "versiculos": [
    "Hebreos 1:14"
  ],
  "enlaces": [],
  "fuentes_recomendadas": [],
  "conclusion": {
    "es": "",
    "en": ""
  },
  "categoria": "Doctrina"
}