{
  "titulo": {
    "es": "¿Cuál es el papel de la mujer cristiana?",
    "en": "What is the role of the Christian woman?"
  },
  "contenido": {
    "es": "Ser temerosa de Dios, sabia, trabajadora y respetuosa.",
    "en": "To fear God, be wise, hardworking, and respectful."
  },
  "cita": "Proverbios 31:10-31",
  "argumentos": {
    "argumentos_biblicos": [],
    "argumentos_logicos": [],
    "argumentos_historicos": []
  },
  "versiculos": [
    "Proverbios 31:10-31"
  ],
  "enlaces": [],
  "fuentes_recomendadas": [],
  "conclusion": {
    "es": "",
    "en": ""
  },
  "categoria": "Conducta"
}