{
  "titulo": {
    "es": "¿Cuál es la recompensa de ser íntegro?",
    "en": "What is the reward for being upright?"
  },
  "contenido": {
    "es": "Dios protege y bendice a quienes se mantienen leales en todo momento.",
    "en": "God protects and blesses those who remain loyal at all times."
  },
  "cita": "Salmo 84:11",
  "argumentos": {
    "argumentos_biblicos": [],
    "argumentos_logicos": [],
    "argumentos_historicos": []
  },
  "versiculos": [
    "Salmo 84:11"
  ],
  "enlaces": [],
  "fuentes_recomendadas": [],
  "conclusion": {
    "es": "",
    "en": ""
  },
  "categoria": "Conducta"
}