{
  "titulo": {
    "es": "¿Cuál es el propósito de la predicación cristiana?",
    "en": "What is the purpose of Christian preaching?"
  },
  "contenido": {
    "es": "Dar a conocer las buenas noticias del Reino.",
    "en": "To share the good news of the Kingdom."
  },
  "cita": "Mateo 24:14",
  "argumentos": {
    "argumentos_biblicos": [],
    "argumentos_logicos": [],
    "argumentos_historicos": []
  },
  "versiculos": [
    "Mateo 24:14"
  ],
  "enlaces": [],
  "fuentes_recomendadas": [],
  "conclusion": {
    "es": "",
    "en": ""
  },
  "categoria": "Doctrina"
}