{
  "titulo": {
    "es": "¿Cuál es el propósito de la disciplina de Dios?",
    "en": "What is the purpose of God's discipline?"
  },
  "contenido": {
    "es": "Corregirnos por amor para que podamos obtener vida eterna.",
    "en": "To correct us in love so we can gain everlasting life."
  },
  "cita": "Hebreos 12:6",
  "argumentos": {
    "argumentos_biblicos": [],
    "argumentos_logicos": [],
    "argumentos_historicos": []
  },
  "versiculos": [
    "Hebreos 12:6"
  ],
  "enlaces": [],
  "fuentes_recomendadas": [],
  "conclusion": {
    "es": "",
    "en": ""
  },
  "categoria": "Doctrina"
}