{
  "titulo": {
    "es": "¿Debemos participar en política?",
    "en": "Should we participate in politics?"
  },
  "contenido": {
    "es": "No. Jesús dijo que sus discípulos no eran parte del mundo.",
    "en": "No. Jesus said his disciples were no part of the world."
  },
  "cita": "Juan 17:16",
  "argumentos": {
    "argumentos_biblicos": [],
    "argumentos_logicos": [],
    "argumentos_historicos": []
  },
  "versiculos": [
    "Juan 17:16"
  ],
  "enlaces": [
    "https://www.jw.org/es/biblioteca/revistas/g201405/los-cristianos-y-la-politica/"
  ],
  "fuentes_recomendadas": [],
  "conclusion": {
    "es": "",
    "en": ""
  },
  "categoria": "Conducta Cristiana"
}