{
  "titulo": {
    "es": "¿Deben los cristianos hacer juramentos?",
    "en": "Should Christians make oaths?"
  },
  "contenido": {
    "es": "Jesús enseñó a decir simplemente 'sí' o 'no'.",
    "en": "Jesus taught us to simply say 'yes' or 'no'."
  },
  "cita": "Mateo 5:37",
  "argumentos": {
    "argumentos_biblicos": [],
    "argumentos_logicos": [],
    "argumentos_historicos": []
  },
  "versiculos": [
    "Mateo 5:37"
  ],
  "enlaces": [],
  "fuentes_recomendadas": [],
  "conclusion": {
    "es": "",
    "en": ""
  },
  "categoria": "Debates"
}