{
  "titulo": {
    "es": "¿Debemos temer a Satanás?",
    "en": "Should we fear Satan?"
  },
  "contenido": {
    "es": "No, pero debemos estar alertas a sus trampas.",
    "en": "No, but we must be alert to his traps."
  },
  "cita": "1 Pedro 5:8",
  "argumentos": {
    "argumentos_biblicos": [],
    "argumentos_logicos": [],
    "argumentos_historicos": []
  },
  "versiculos": [
    "1 Pedro 5:8"
  ],
  "enlaces": [],
  "fuentes_recomendadas": [],
  "conclusion": {
    "es": "",
    "en": ""
  },
  "categoria": "Debates"
}