{
  "titulo": {
    "es": "¿Deben los cristianos obedecer las leyes humanas?",
    "en": "Should Christians obey human laws?"
  },
  "contenido": {
    "es": "Sí, siempre que no contradigan la ley de Dios.",
    "en": "Yes, as long as they do not contradict God's law."
  },
  "cita": "Tito 3:1",
  "argumentos": {
    "argumentos_biblicos": [],
    "argumentos_logicos": [],
    "argumentos_historicos": []
  },
  "versiculos": [
    "Tito 3:1"
  ],
  "enlaces": [],
  "fuentes_recomendadas": [],
  "conclusion": {
    "es": "",
    "en": ""
  },
  "categoria": "Doctrina"
}