{
  "titulo": {
    "es": "¿Debemos tener miedo del Diablo?",
    "en": "Should we fear the Devil?"
  },
  "contenido": {
    "es": "No, si permanecemos cerca de Dios, Satanás huirá de nosotros.",
    "en": "No, if we stay close to God, Satan will flee from us."
  },
  "cita": "Santiago 4:7",
  "argumentos": {
    "argumentos_biblicos": [],
    "argumentos_logicos": [],
    "argumentos_historicos": []
  },
  "versiculos": [
    "Santiago 4:7"
  ],
  "enlaces": [],
  "fuentes_recomendadas": [],
  "conclusion": {
    "es": "",
    "en": ""
  },
  "categoria": "Debates"
}