{
  "titulo": {
    "es": "¿Deben los cristianos usar lenguaje limpio?",
    "en": "Should Christians use clean speech?"
  },
  "contenido": {
    "es": "Sí, porque las malas palabras corrompen y no agradan a Dios.",
    "en": "Yes, because foul language corrupts and does not please God."
  },
  "cita": "Efesios 4:29",
  "argumentos": {
    "argumentos_biblicos": [],
    "argumentos_logicos": [],
    "argumentos_historicos": []
  },
  "versiculos": [
    "Efesios 4:29"
  ],
  "enlaces": [],
  "fuentes_recomendadas": [],
  "conclusion": {
    "es": "",
    "en": ""
  },
  "categoria": "Conducta"
}