{
  "titulo": {
    "es": "¿Deben los cristianos evitar la política?",
    "en": "Should Christians avoid politics?"
  },
  "contenido": {
    "es": "Sí, deben ser neutrales y confiar en el Reino de Dios.",
    "en": "Yes, they should remain neutral and trust in God’s Kingdom."
  },
  "cita": "Juan 18:36",
  "argumentos": {
    "argumentos_biblicos": [],
    "argumentos_logicos": [],
    "argumentos_historicos": []
  },
  "versiculos": [
    "Juan 18:36"
  ],
  "enlaces": [],
  "fuentes_recomendadas": [],
  "conclusion": {
    "es": "",
    "en": ""
  },
  "categoria": "Debates"
}