{
  "titulo": {
    "es": "¿Debemos respetar a nuestros padres?",
    "en": "Should we respect our parents?"
  },
  "contenido": {
    "es": "Sí, es un mandato con promesa de bendición.",
    "en": "Yes, it is a command with a promise of blessing."
  },
  "cita": "Efesios 6:1-3",
  "argumentos": {
    "argumentos_biblicos": [],
    "argumentos_logicos": [],
    "argumentos_historicos": []
  },
  "versiculos": [
    "Efesios 6:1-3"
  ],
  "enlaces": [],
  "fuentes_recomendadas": [],
  "conclusion": {
    "es": "",
    "en": ""
  },
  "categoria": "Conducta"
}