{
  "titulo": {
    "es": "¿Deben los cristianos buscar venganza?",
    "en": "Should Christians seek revenge?"
  },
  "contenido": {
    "es": "No, debemos dejar lugar a la ira de Dios.",
    "en": "No, we should leave room for God's wrath."
  },
  "cita": "Romanos 12:19",
  "argumentos": {
    "argumentos_biblicos": [],
    "argumentos_logicos": [],
    "argumentos_historicos": []
  },
  "versiculos": [
    "Romanos 12:19"
  ],
  "enlaces": [],
  "fuentes_recomendadas": [],
  "conclusion": {
    "es": "",
    "en": ""
  },
  "categoria": "Conducta"
}