{
  "titulo": {
    "es": "¿Deben los cristianos celebrar fiestas religiosas?",
    "en": "Should Christians celebrate religious holidays?"
  },
  "contenido": {
    "es": "No, porque muchas tienen orígenes paganos o doctrinas no bíblicas.",
    "en": "No, because many have pagan origins or unbiblical doctrines."
  },
  "cita": "2 Corintios 6:14-17",
  "argumentos": {
    "argumentos_biblicos": [],
    "argumentos_logicos": [],
    "argumentos_historicos": []
  },
  "versiculos": [
    "2 Corintios 6:14-17"
  ],
  "enlaces": [],
  "fuentes_recomendadas": [],
  "conclusion": {
    "es": "",
    "en": ""
  },
  "categoria": "Debates"
}