{
  "titulo": {
    "es": "¿Dios permite que suframos?",
    "en": "Does God allow suffering?"
  },
  "contenido": {
    "es": "Sí, por un tiempo, pero siempre con un propósito y límites.",
    "en": "Yes, for a time, but always with purpose and limits."
  },
  "cita": "Job 1:12",
  "argumentos": {
    "argumentos_biblicos": [],
    "argumentos_logicos": [],
    "argumentos_historicos": []
  },
  "versiculos": [
    "Job 1:12"
  ],
  "enlaces": [],
  "fuentes_recomendadas": [],
  "conclusion": {
    "es": "",
    "en": ""
  },
  "categoria": "Esperanza"
}