{
  "titulo": {
    "es": "¿Dónde están los muertos?",
    "en": "Where are the dead?"
  },
  "contenido": {
    "es": "En el Seol o Hades, el sepulcro común. Esperan la resurrección.",
    "en": "In Sheol or Hades, the common grave. They await the resurrection."
  },
  "cita": "Hechos 2:29,34",
  "argumentos": {
    "argumentos_biblicos": [],
    "argumentos_logicos": [],
    "argumentos_historicos": []
  },
  "versiculos": [
    "Hechos 2:29,34"
  ],
  "enlaces": [
    "https://www.jw.org/es/biblioteca/revistas/g201307/seol-hades/"
  ],
  "fuentes_recomendadas": [],
  "conclusion": {
    "es": "",
    "en": ""
  },
  "categoria": "Doctrina"
}