{
  "titulo": {
    "es": "¿Es bíblico el arrepentimiento?",
    "en": "Is repentance biblical?"
  },
  "contenido": {
    "es": "Sí, el arrepentimiento sincero es necesario para recibir el perdón de Dios.",
    "en": "Yes, sincere repentance is necessary to receive God's forgiveness."
  },
  "cita": "Hechos 3:19",
  "argumentos": {
    "argumentos_biblicos": [],
    "argumentos_logicos": [],
    "argumentos_historicos": []
  },
  "versiculos": [
    "Hechos 3:19"
  ],
  "enlaces": [],
  "fuentes_recomendadas": [],
  "conclusion": {
    "es": "",
    "en": ""
  },
  "categoria": "Doctrina"
}