{
  "titulo": {
    "es": "¿Es bíblica la doctrina de la Trinidad?",
    "en": "Is the Trinity a Bible teaching?"
  },
  "contenido": {
    "es": "No. La Biblia enseña que Jehová es uno y Jesús es su Hijo.",
    "en": "No. The Bible teaches that Jehovah is one and Jesus is His Son."
  },
  "cita": "Juan 14:28",
  "argumentos": {
    "argumentos_biblicos": [],
    "argumentos_logicos": [],
    "argumentos_historicos": []
  },
  "versiculos": [
    "Juan 14:28"
  ],
  "enlaces": [
    "https://www.jw.org/es/biblioteca/libros/buena-noticia-trinidad/"
  ],
  "fuentes_recomendadas": [],
  "conclusion": {
    "es": "",
    "en": ""
  },
  "categoria": "Debate Bíblico"
}