{
  "titulo": {
    "es": "¿Es el hombre superior a los animales?",
    "en": "Is man superior to animals?"
  },
  "contenido": {
    "es": "Sí, porque fue creado a imagen de Dios con capacidad espiritual y moral.",
    "en": "Yes, because he was created in God's image with spiritual and moral capacity."
  },
  "cita": "Génesis 1:26",
  "argumentos": {
    "argumentos_biblicos": [],
    "argumentos_logicos": [],
    "argumentos_historicos": []
  },
  "versiculos": [
    "Génesis 1:26"
  ],
  "enlaces": [],
  "fuentes_recomendadas": [],
  "conclusion": {
    "es": "",
    "en": ""
  },
  "categoria": "Doctrina"
}