{
  "titulo": {
    "es": "¿Es el sufrimiento castigo de Dios?",
    "en": "Is suffering a punishment from God?"
  },
  "contenido": {
    "es": "No necesariamente. A veces es prueba de fe o consecuencia del pecado humano.",
    "en": "Not necessarily. Sometimes it is a test of faith or a consequence of human sin."
  },
  "cita": "Santiago 1:2-4",
  "argumentos": {
    "argumentos_biblicos": [],
    "argumentos_logicos": [],
    "argumentos_historicos": []
  },
  "versiculos": [
    "Santiago 1:2-4"
  ],
  "enlaces": [],
  "fuentes_recomendadas": [],
  "conclusion": {
    "es": "",
    "en": ""
  },
  "categoria": "Debates"
}