{
  "titulo": {
    "es": "¿Es posible agradar a Dios hoy?",
    "en": "Is it possible to please God today?"
  },
  "contenido": {
    "es": "Sí, mediante la fe, la obediencia y un estilo de vida piadoso.",
    "en": "Yes, through faith, obedience, and a godly lifestyle."
  },
  "cita": "Hebreos 11:6",
  "argumentos": {
    "argumentos_biblicos": [],
    "argumentos_logicos": [],
    "argumentos_historicos": []
  },
  "versiculos": [
    "Hebreos 11:6"
  ],
  "enlaces": [],
  "fuentes_recomendadas": [],
  "conclusion": {
    "es": "",
    "en": ""
  },
  "categoria": "Doctrina"
}