{
  "titulo": {
    "es": "¿Está bien venerar a María?",
    "en": "Is it right to venerate Mary?"
  },
  "contenido": {
    "es": "No. Fue una sierva fiel, pero la adoración es solo a Jehová.",
    "en": "No. She was a faithful servant, but worship belongs only to Jehovah."
  },
  "cita": "Lucas 1:38",
  "argumentos": {
    "argumentos_biblicos": [],
    "argumentos_logicos": [],
    "argumentos_historicos": []
  },
  "versiculos": [
    "Lucas 1:38"
  ],
  "enlaces": [],
  "fuentes_recomendadas": [],
  "conclusion": {
    "es": "",
    "en": ""
  },
  "categoria": "Debate Bíblico"
}