{
  "titulo": {
    "es": "¿Por qué debemos ser modestos?",
    "en": "Why should we be modest?"
  },
  "contenido": {
    "es": "Porque la modestia protege nuestras relaciones con Dios y con otros.",
    "en": "Because modesty protects our relationship with God and others."
  },
  "cita": "Miqueas 6:8",
  "argumentos": {
    "argumentos_biblicos": [],
    "argumentos_logicos": [],
    "argumentos_historicos": []
  },
  "versiculos": [
    "Miqueas 6:8"
  ],
  "enlaces": [],
  "fuentes_recomendadas": [],
  "conclusion": {
    "es": "",
    "en": ""
  },
  "categoria": "Conducta"
}