{
  "titulo": {
    "es": "¿Por qué debemos predicar?",
    "en": "Why should we preach?"
  },
  "contenido": {
    "es": "Es un mandato de Jesús y una forma de mostrar amor al prójimo.",
    "en": "It is a command from Jesus and a way to show love to our neighbor."
  },
  "cita": "Mateo 24:14",
  "argumentos": {
    "argumentos_biblicos": [],
    "argumentos_logicos": [],
    "argumentos_historicos": []
  },
  "versiculos": [
    "Mateo 24:14"
  ],
  "enlaces": [],
  "fuentes_recomendadas": [],
  "conclusion": {
    "es": "",
    "en": ""
  },
  "categoria": "Conducta"
}