{
  "titulo": {
    "es": "¿Por qué no debemos vengarnos?",
    "en": "Why shouldn't we take revenge?"
  },
  "contenido": {
    "es": "La venganza le pertenece a Jehová, no a nosotros.",
    "en": "Vengeance belongs to Jehovah, not to us."
  },
  "cita": "Romanos 12:19",
  "argumentos": {
    "argumentos_biblicos": [],
    "argumentos_logicos": [],
    "argumentos_historicos": []
  },
  "versiculos": [
    "Romanos 12:19"
  ],
  "enlaces": [],
  "fuentes_recomendadas": [],
  "conclusion": {
    "es": "",
    "en": ""
  },
  "categoria": "Conducta"
}