{
  "titulo": {
    "es": "¿Por qué debemos ser honestos?",
    "en": "Why should we be honest?"
  },
  "contenido": {
    "es": "Porque Jehová detesta el engaño y ama la verdad.",
    "en": "Because Jehovah detests deception and loves truth."
  },
  "cita": "Proverbios 12:22",
  "argumentos": {
    "argumentos_biblicos": [],
    "argumentos_logicos": [],
    "argumentos_historicos": []
  },
  "versiculos": [
    "Proverbios 12:22"
  ],
  "enlaces": [],
  "fuentes_recomendadas": [],
  "conclusion": {
    "es": "",
    "en": ""
  },
  "categoria": "Conducta"
}