{
  "titulo": {
    "es": "¿Por qué estudiar la Biblia regularmente?",
    "en": "Why study the Bible regularly?"
  },
  "contenido": {
    "es": "Nos ayuda a conocer mejor a Dios, fortalecer la fe y tomar buenas decisiones.",
    "en": "It helps us know God better, strengthen our faith, and make good decisions."
  },
  "cita": "Salmo 1:1-2",
  "argumentos": {
    "argumentos_biblicos": [],
    "argumentos_logicos": [],
    "argumentos_historicos": []
  },
  "versiculos": [
    "Salmo 1:1-2"
  ],
  "enlaces": [],
  "fuentes_recomendadas": [],
  "conclusion": {
    "es": "",
    "en": ""
  },
  "categoria": "Conducta"
}