{
  "titulo": {
    "es": "¿Por qué es vital el amor al prójimo?",
    "en": "Why is love for neighbor vital?"
  },
  "contenido": {
    "es": "Es el segundo mandamiento más importante según Jesús.",
    "en": "It is the second most important commandment according to Jesus."
  },
  "cita": "Mateo 22:39",
  "argumentos": {
    "argumentos_biblicos": [],
    "argumentos_logicos": [],
    "argumentos_historicos": []
  },
  "versiculos": [
    "Mateo 22:39"
  ],
  "enlaces": [],
  "fuentes_recomendadas": [],
  "conclusion": {
    "es": "",
    "en": ""
  },
  "categoria": "Conducta"
}