{
  "titulo": {
    "es": "¿Por qué debemos amar al prójimo?",
    "en": "Why should we love our neighbor?"
  },
  "contenido": {
    "es": "Porque el amor es el cumplimiento de la ley.",
    "en": "Because love is the fulfillment of the law."
  },
  "cita": "Romanos 13:10",
  "argumentos": {
    "argumentos_biblicos": [],
    "argumentos_logicos": [],
    "argumentos_historicos": []
  },
  "versiculos": [
    "Romanos 13:10"
  ],
  "enlaces": [],
  "fuentes_recomendadas": [],
  "conclusion": {
    "es": "",
    "en": ""
  },
  "categoria": "Conducta"
}