{
  "titulo": {
    "es": "¿Por qué debemos evitar la pornografía?",
    "en": "Why should we avoid pornography?"
  },
  "contenido": {
    "es": "Corrompe el corazón y debilita nuestra espiritualidad.",
    "en": "It corrupts the heart and weakens our spirituality."
  },
  "cita": "Mateo 5:28",
  "argumentos": {
    "argumentos_biblicos": [],
    "argumentos_logicos": [],
    "argumentos_historicos": []
  },
  "versiculos": [
    "Mateo 5:28"
  ],
  "enlaces": [],
  "fuentes_recomendadas": [],
  "conclusion": {
    "es": "",
    "en": ""
  },
  "categoria": "Conducta"
}