{
  "titulo": {
    "es": "¿Por qué la unidad es importante entre los cristianos?",
    "en": "Why is unity important among Christians?"
  },
  "contenido": {
    "es": "Demuestra que somos verdaderos discípulos de Cristo.",
    "en": "It shows we are true disciples of Christ."
  },
  "cita": "Juan 17:21",
  "argumentos": {
    "argumentos_biblicos": [],
    "argumentos_logicos": [],
    "argumentos_historicos": []
  },
  "versiculos": [
    "Juan 17:21"
  ],
  "enlaces": [],
  "fuentes_recomendadas": [],
  "conclusion": {
    "es": "",
    "en": ""
  },
  "categoria": "Doctrina"
}