{
  "titulo": {
    "es": "¿Por qué debemos tener valor espiritual?",
    "en": "Why must we have spiritual courage?"
  },
  "contenido": {
    "es": "Porque enfrentamos oposición del mundo y necesitamos defender nuestra fe.",
    "en": "Because we face opposition from the world and need to defend our faith."
  },
  "cita": "Josué 1:9",
  "argumentos": {
    "argumentos_biblicos": [],
    "argumentos_logicos": [],
    "argumentos_historicos": []
  },
  "versiculos": [
    "Josué 1:9"
  ],
  "enlaces": [],
  "fuentes_recomendadas": [],
  "conclusion": {
    "es": "",
    "en": ""
  },
  "categoria": "Conducta"
}