{
  "titulo": {
    "es": "¿Por qué debemos trabajar duro?",
    "en": "Why should we work hard?"
  },
  "contenido": {
    "es": "Porque es parte del propósito de Dios y nos da satisfacción.",
    "en": "Because it is part of God's purpose and gives us satisfaction."
  },
  "cita": "Eclesiastés 3:13",
  "argumentos": {
    "argumentos_biblicos": [],
    "argumentos_logicos": [],
    "argumentos_historicos": []
  },
  "versiculos": [
    "Eclesiastés 3:13"
  ],
  "enlaces": [],
  "fuentes_recomendadas": [],
  "conclusion": {
    "es": "",
    "en": ""
  },
  "categoria": "Conducta"
}