{
  "titulo": {
    "es": "¿Por qué debemos perdonar a otros?",
    "en": "Why should we forgive others?"
  },
  "contenido": {
    "es": "Porque así imitamos a Dios y facilitamos la paz entre hermanos.",
    "en": "Because in doing so we imitate God and promote peace among brothers."
  },
  "cita": "Colosenses 3:13",
  "argumentos": {
    "argumentos_biblicos": [],
    "argumentos_logicos": [],
    "argumentos_historicos": []
  },
  "versiculos": [
    "Colosenses 3:13"
  ],
  "enlaces": [],
  "fuentes_recomendadas": [],
  "conclusion": {
    "es": "",
    "en": ""
  },
  "categoria": "Conducta"
}