{
  "titulo": {
    "es": "¿Por qué debemos asistir a las reuniones cristianas?",
    "en": "Why should we attend Christian meetings?"
  },
  "contenido": {
    "es": "Para fortalecernos unos a otros y mostrar amor y fe activa.",
    "en": "To strengthen one another and show love and active faith."
  },
  "cita": "Hebreos 10:24-25",
  "argumentos": {
    "argumentos_biblicos": [],
    "argumentos_logicos": [],
    "argumentos_historicos": []
  },
  "versiculos": [
    "Hebreos 10:24-25"
  ],
  "enlaces": [],
  "fuentes_recomendadas": [],
  "conclusion": {
    "es": "",
    "en": ""
  },
  "categoria": "Conducta"
}