{
  "titulo": {
    "es": "¿Por qué debemos ser hospitalarios?",
    "en": "Why should we be hospitable?"
  },
  "contenido": {
    "es": "Porque es una muestra de amor y generosidad cristiana.",
    "en": "Because it is a display of Christian love and generosity."
  },
  "cita": "Hebreos 13:2",
  "argumentos": {
    "argumentos_biblicos": [],
    "argumentos_logicos": [],
    "argumentos_historicos": []
  },
  "versiculos": [
    "Hebreos 13:2"
  ],
  "enlaces": [],
  "fuentes_recomendadas": [],
  "conclusion": {
    "es": "",
    "en": ""
  },
  "categoria": "Conducta"
}