{
  "titulo": {
    "es": "¿Por qué sufrimos?",
    "en": "Why do we suffer?"
  },
  "contenido": {
    "es": "Por vivir en un mundo gobernado por Satanás, bajo pecado heredado y condiciones injustas.",
    "en": "Because we live in a world ruled by Satan, affected by inherited sin and injustice."
  },
  "cita": "1 Juan 5:19",
  "argumentos": {
    "argumentos_biblicos": [],
    "argumentos_logicos": [],
    "argumentos_historicos": []
  },
  "versiculos": [
    "1 Juan 5:19"
  ],
  "enlaces": [
    "https://www.jw.org/es/biblioteca/revistas/wp202101/sufrimiento-mundo-solucion-dios/"
  ],
  "fuentes_recomendadas": [],
  "conclusion": {
    "es": "",
    "en": ""
  },
  "categoria": "Doctrina"
}