{
  "titulo": {
    "es": "¿Por qué confiar en las profecías bíblicas?",
    "en": "Why trust in Bible prophecies?"
  },
  "contenido": {
    "es": "Porque se han cumplido y se seguirán cumpliendo con precisión.",
    "en": "Because they have been fulfilled and will continue to be fulfilled accurately."
  },
  "cita": "Isaías 46:10",
  "argumentos": {
    "argumentos_biblicos": [],
    "argumentos_logicos": [],
    "argumentos_historicos": []
  },
  "versiculos": [
    "Isaías 46:10"
  ],
  "enlaces": [],
  "fuentes_recomendadas": [],
  "conclusion": {
    "es": "",
    "en": ""
  },
  "categoria": "Doctrina"
}