{
  "titulo": {
    "es": "¿Por qué debemos predicar con urgencia?",
    "en": "Why should we preach urgently?"
  },
  "contenido": {
    "es": "Porque el fin se acerca y las personas necesitan conocer la verdad.",
    "en": "Because the end is near and people need to know the truth."
  },
  "cita": "2 Timoteo 4:2",
  "argumentos": {
    "argumentos_biblicos": [],
    "argumentos_logicos": [],
    "argumentos_historicos": []
  },
  "versiculos": [
    "2 Timoteo 4:2"
  ],
  "enlaces": [],
  "fuentes_recomendadas": [],
  "conclusion": {
    "es": "",
    "en": ""
  },
  "categoria": "Doctrina"
}