{
  "titulo": {
    "es": "¿Por qué obedecer a Jehová?",
    "en": "Why obey Jehovah?"
  },
  "contenido": {
    "es": "Porque es nuestro Creador y su guía siempre es para nuestro bien.",
    "en": "Because He is our Creator and His guidance is always for our good."
  },
  "cita": "Isaías 48:17-18",
  "argumentos": {
    "argumentos_biblicos": [],
    "argumentos_logicos": [],
    "argumentos_historicos": []
  },
  "versiculos": [
    "Isaías 48:17-18"
  ],
  "enlaces": [],
  "fuentes_recomendadas": [],
  "conclusion": {
    "es": "",
    "en": ""
  },
  "categoria": "Doctrina"
}