{
  "titulo": {
    "es": "¿Por qué es importante la gratitud?",
    "en": "Why is gratitude important?"
  },
  "contenido": {
    "es": "Porque honra a Dios y nos ayuda a ser felices con lo que tenemos.",
    "en": "Because it honors God and helps us be happy with what we have."
  },
  "cita": "1 Tesalonicenses 5:18",
  "argumentos": {
    "argumentos_biblicos": [],
    "argumentos_logicos": [],
    "argumentos_historicos": []
  },
  "versiculos": [
    "1 Tesalonicenses 5:18"
  ],
  "enlaces": [],
  "fuentes_recomendadas": [],
  "conclusion": {
    "es": "",
    "en": ""
  },
  "categoria": "Conducta"
}