{
  "titulo": {
    "es": "¿Por qué debemos poner el Reino en primer lugar?",
    "en": "Why should we put the Kingdom first?"
  },
  "contenido": {
    "es": "Porque Jesús enseñó que es la prioridad en la vida de un cristiano.",
    "en": "Because Jesus taught it should be the priority in a Christian’s life."
  },
  "cita": "Mateo 6:33",
  "argumentos": {
    "argumentos_biblicos": [],
    "argumentos_logicos": [],
    "argumentos_historicos": []
  },
  "versiculos": [
    "Mateo 6:33"
  ],
  "enlaces": [],
  "fuentes_recomendadas": [],
  "conclusion": {
    "es": "",
    "en": ""
  },
  "categoria": "Doctrina"
}