{
  "titulo": {
    "es": "¿Por qué debemos orar a Dios?",
    "en": "Why should we pray to God?"
  },
  "contenido": {
    "es": "Jehová desea que nos comuniquemos con Él como un Padre amoroso.",
    "en": "Jehovah wants us to communicate with Him as a loving Father."
  },
  "cita": "Filipenses 4:6",
  "argumentos": {
    "argumentos_biblicos": [],
    "argumentos_logicos": [],
    "argumentos_historicos": []
  },
  "versiculos": [
    "Filipenses 4:6"
  ],
  "enlaces": [
    "https://www.jw.org/es/biblioteca/libros/buena-noticia-orar-a-dios/"
  ],
  "fuentes_recomendadas": [],
  "conclusion": {
    "es": "",
    "en": ""
  },
  "categoria": "Conducta Cristiana"
}