{
  "titulo": {
    "es": "¿Por qué debemos leer la Biblia todos los días?",
    "en": "Why should we read the Bible every day?"
  },
  "contenido": {
    "es": "La lectura diaria fortalece nuestra fe y nos guía en la vida.",
    "en": "Daily reading strengthens our faith and guides us in life."
  },
  "cita": "Salmo 1:1-2",
  "argumentos": {
    "argumentos_biblicos": [],
    "argumentos_logicos": [],
    "argumentos_historicos": []
  },
  "versiculos": [
    "Salmo 1:1-2"
  ],
  "enlaces": [],
  "fuentes_recomendadas": [],
  "conclusion": {
    "es": "",
    "en": ""
  },
  "categoria": "Doctrina"
}