{
  "titulo": {
    "es": "¿Por qué Dios permite el sufrimiento?",
    "en": "Why does God allow suffering?"
  },
  "contenido": {
    "es": "Para resolver cuestiones morales universales y demostrar su justicia.",
    "en": "To resolve universal moral issues and prove His justice."
  },
  "cita": "Job 1:9-11",
  "argumentos": {
    "argumentos_biblicos": [],
    "argumentos_logicos": [],
    "argumentos_historicos": []
  },
  "versiculos": [
    "Job 1:9-11"
  ],
  "enlaces": [],
  "fuentes_recomendadas": [],
  "conclusion": {
    "es": "",
    "en": ""
  },
  "categoria": "Debates"
}