{
  "titulo": {
    "es": "¿Por qué debemos tener fe en las promesas de Dios?",
    "en": "Why should we have faith in God’s promises?"
  },
  "contenido": {
    "es": "Porque Jehová siempre cumple lo que promete y nunca falla.",
    "en": "Because Jehovah always fulfills what He promises and never fails."
  },
  "cita": "Josué 23:14",
  "argumentos": {
    "argumentos_biblicos": [],
    "argumentos_logicos": [],
    "argumentos_historicos": []
  },
  "versiculos": [
    "Josué 23:14"
  ],
  "enlaces": [],
  "fuentes_recomendadas": [],
  "conclusion": {
    "es": "",
    "en": ""
  },
  "categoria": "Doctrina"
}