{
  "titulo": {
    "es": "¿Puede Dios consolarnos en la tristeza?",
    "en": "Can God comfort us in sadness?"
  },
  "contenido": {
    "es": "Sí, mediante su Palabra, espíritu santo y su pueblo.",
    "en": "Yes, through his Word, holy spirit, and his people."
  },
  "cita": "2 Corintios 1:3-4",
  "argumentos": {
    "argumentos_biblicos": [],
    "argumentos_logicos": [],
    "argumentos_historicos": []
  },
  "versiculos": [
    "2 Corintios 1:3-4"
  ],
  "enlaces": [],
  "fuentes_recomendadas": [],
  "conclusion": {
    "es": "",
    "en": ""
  },
  "categoria": "Esperanza"
}