{
  "titulo": {
    "es": "¿Puede Dios perdonar cualquier pecado?",
    "en": "Can God forgive any sin?"
  },
  "contenido": {
    "es": "Sí, excepto el pecado deliberado contra el espíritu santo.",
    "en": "Yes, except for the deliberate sin against the holy spirit."
  },
  "cita": "Mateo 12:31",
  "argumentos": {
    "argumentos_biblicos": [],
    "argumentos_logicos": [],
    "argumentos_historicos": []
  },
  "versiculos": [
    "Mateo 12:31"
  ],
  "enlaces": [],
  "fuentes_recomendadas": [],
  "conclusion": {
    "es": "",
    "en": ""
  },
  "categoria": "Debates"
}