{
  "titulo": {
    "es": "¿Qué actitud agrada a Dios?",
    "en": "What attitude pleases God?"
  },
  "contenido": {
    "es": "La humildad, la obediencia y el temor reverente.",
    "en": "Humility, obedience, and reverent fear."
  },
  "cita": "Isaías 66:2",
  "argumentos": {
    "argumentos_biblicos": [],
    "argumentos_logicos": [],
    "argumentos_historicos": []
  },
  "versiculos": [
    "Isaías 66:2"
  ],
  "enlaces": [],
  "fuentes_recomendadas": [],
  "conclusion": {
    "es": "",
    "en": ""
  },
  "categoria": "Conducta"
}