{
  "titulo": {
    "es": "¿Qué dice la Biblia sobre el autocontrol?",
    "en": "What does the Bible say about self-control?"
  },
  "contenido": {
    "es": "Es parte del fruto del espíritu y nos ayuda a tomar decisiones sabias.",
    "en": "It is part of the fruit of the spirit and helps us make wise decisions."
  },
  "cita": "Gálatas 5:22-23",
  "argumentos": {
    "argumentos_biblicos": [],
    "argumentos_logicos": [],
    "argumentos_historicos": []
  },
  "versiculos": [
    "Gálatas 5:22-23"
  ],
  "enlaces": [],
  "fuentes_recomendadas": [],
  "conclusion": {
    "es": "",
    "en": ""
  },
  "categoria": "Conducta"
}