{
  "titulo": {
    "es": "¿Qué significa amar a Dios?",
    "en": "What does it mean to love God?"
  },
  "contenido": {
    "es": "Guardar sus mandamientos y vivir conforme a su voluntad.",
    "en": "Keeping his commandments and living according to his will."
  },
  "cita": "1 Juan 5:3",
  "argumentos": {
    "argumentos_biblicos": [],
    "argumentos_logicos": [],
    "argumentos_historicos": []
  },
  "versiculos": [
    "1 Juan 5:3"
  ],
  "enlaces": [],
  "fuentes_recomendadas": [],
  "conclusion": {
    "es": "",
    "en": ""
  },
  "categoria": "Doctrina"
}