{
  "titulo": {
    "es": "¿Qué es la fe verdadera?",
    "en": "What is true faith?"
  },
  "contenido": {
    "es": "Es la fe basada en el conocimiento exacto de la Palabra de Dios y se demuestra con obras.",
    "en": "It is faith based on accurate knowledge of God's Word and is shown by actions."
  },
  "cita": "Hebreos 11:1",
  "argumentos": {
    "argumentos_biblicos": [],
    "argumentos_logicos": [],
    "argumentos_historicos": []
  },
  "versiculos": [
    "Hebreos 11:1"
  ],
  "enlaces": [],
  "fuentes_recomendadas": [],
  "conclusion": {
    "es": "",
    "en": ""
  },
  "categoria": "Doctrina"
}