{
  "titulo": {
    "es": "¿Qué enseña la Biblia sobre la obediencia?",
    "en": "What does the Bible teach about obedience?"
  },
  "contenido": {
    "es": "La obediencia a Dios trae bendiciones.",
    "en": "Obedience to God brings blessings."
  },
  "cita": "Deuteronomio 28:1-2",
  "argumentos": {
    "argumentos_biblicos": [],
    "argumentos_logicos": [],
    "argumentos_historicos": []
  },
  "versiculos": [
    "Deuteronomio 28:1-2"
  ],
  "enlaces": [],
  "fuentes_recomendadas": [],
  "conclusion": {
    "es": "",
    "en": ""
  },
  "categoria": "Conducta"
}