{
  "titulo": {
    "es": "¿Qué valor tiene la oración según la Biblia?",
    "en": "What value does prayer have according to the Bible?"
  },
  "contenido": {
    "es": "Nos acerca a Dios y nos ayuda a sobrellevar nuestras cargas.",
    "en": "It draws us closer to God and helps us carry our burdens."
  },
  "cita": "Filipenses 4:6-7",
  "argumentos": {
    "argumentos_biblicos": [],
    "argumentos_logicos": [],
    "argumentos_historicos": []
  },
  "versiculos": [
    "Filipenses 4:6-7"
  ],
  "enlaces": [],
  "fuentes_recomendadas": [],
  "conclusion": {
    "es": "",
    "en": ""
  },
  "categoria": "Doctrina"
}