{
  "titulo": {
    "es": "¿Qué hará Dios por la humanidad?",
    "en": "What will God do for humanity?"
  },
  "contenido": {
    "es": "Eliminará el sufrimiento y hará de la Tierra un paraíso.",
    "en": "He will eliminate suffering and turn Earth into a paradise."
  },
  "cita": "Apocalipsis 21:3-4",
  "argumentos": {
    "argumentos_biblicos": [],
    "argumentos_logicos": [],
    "argumentos_historicos": []
  },
  "versiculos": [
    "Apocalipsis 21:3-4"
  ],
  "enlaces": [
    "https://www.jw.org/es/biblioteca/videos/libros-apocalipsis-vision-paraiso/"
  ],
  "fuentes_recomendadas": [],
  "conclusion": {
    "es": "",
    "en": ""
  },
  "categoria": "Esperanza"
}