{
  "titulo": {
    "es": "¿Qué es la sabiduría divina?",
    "en": "What is divine wisdom?"
  },
  "contenido": {
    "es": "Es la capacidad de aplicar el conocimiento bíblico correctamente en la vida diaria.",
    "en": "It is the ability to apply Bible knowledge correctly in daily life."
  },
  "cita": "Santiago 3:17",
  "argumentos": {
    "argumentos_biblicos": [],
    "argumentos_logicos": [],
    "argumentos_historicos": []
  },
  "versiculos": [
    "Santiago 3:17"
  ],
  "enlaces": [],
  "fuentes_recomendadas": [],
  "conclusion": {
    "es": "",
    "en": ""
  },
  "categoria": "Doctrina"
}