{
  "titulo": {
    "es": "¿Qué es el Reino de Dios?",
    "en": "What is God’s Kingdom?"
  },
  "contenido": {
    "es": "Es un gobierno celestial establecido por Jehová que reemplazará los gobiernos humanos.",
    "en": "It is a heavenly government established by Jehovah that will replace human governments."
  },
  "cita": "Mateo 6:9-10",
  "argumentos": {
    "argumentos_biblicos": [],
    "argumentos_logicos": [],
    "argumentos_historicos": []
  },
  "versiculos": [
    "Mateo 6:9-10"
  ],
  "enlaces": [
    "https://www.jw.org/es/biblioteca/libros/buena-noticia-reino-dios/"
  ],
  "fuentes_recomendadas": [],
  "conclusion": {
    "es": "",
    "en": ""
  },
  "categoria": "Doctrina"
}