{
  "titulo": {
    "es": "¿Qué enseña la Biblia sobre el uso de imágenes religiosas?",
    "en": "What does the Bible teach about religious images?"
  },
  "contenido": {
    "es": "La adoración a imágenes está prohibida. Jehová es espíritu.",
    "en": "Image worship is forbidden. Jehovah is spirit."
  },
  "cita": "Isaías 42:8",
  "argumentos": {
    "argumentos_biblicos": [],
    "argumentos_logicos": [],
    "argumentos_historicos": []
  },
  "versiculos": [
    "Isaías 42:8"
  ],
  "enlaces": [
    "https://www.jw.org/es/biblioteca/revistas/g201307/adoracion-imagenes/"
  ],
  "fuentes_recomendadas": [],
  "conclusion": {
    "es": "",
    "en": ""
  },
  "categoria": "Conducta Cristiana"
}