{
  "titulo": {
    "es": "¿Qué enseña la Biblia sobre el chisme?",
    "en": "What does the Bible teach about gossip?"
  },
  "contenido": {
    "es": "El chisme destruye amistades y es desaprobado por Dios.",
    "en": "Gossip destroys friendships and is disapproved by God."
  },
  "cita": "Proverbios 20:19",
  "argumentos": {
    "argumentos_biblicos": [],
    "argumentos_logicos": [],
    "argumentos_historicos": []
  },
  "versiculos": [
    "Proverbios 20:19"
  ],
  "enlaces": [],
  "fuentes_recomendadas": [],
  "conclusion": {
    "es": "",
    "en": ""
  },
  "categoria": "Conducta"
}