{
  "titulo": {
    "es": "¿Qué dice la Biblia sobre la obediencia a Dios?",
    "en": "What does the Bible say about obedience to God?"
  },
  "contenido": {
    "es": "Obedecer a Dios es mejor que cualquier sacrificio, y le agrada profundamente.",
    "en": "Obedience to God is better than any sacrifice, and greatly pleases Him."
  },
  "cita": "1 Samuel 15:22",
  "argumentos": {
    "argumentos_biblicos": [],
    "argumentos_logicos": [],
    "argumentos_historicos": []
  },
  "versiculos": [
    "1 Samuel 15:22"
  ],
  "enlaces": [],
  "fuentes_recomendadas": [],
  "conclusion": {
    "es": "",
    "en": ""
  },
  "categoria": "Doctrina"
}