{
  "titulo": {
    "es": "¿Qué enseña la Biblia sobre el fin del sistema?",
    "en": "What does the Bible teach about the end of the system?"
  },
  "contenido": {
    "es": "Será reemplazado por el Reino de Dios que traerá justicia eterna.",
    "en": "It will be replaced by God's Kingdom, which will bring everlasting justice."
  },
  "cita": "Daniel 2:44",
  "argumentos": {
    "argumentos_biblicos": [],
    "argumentos_logicos": [],
    "argumentos_historicos": []
  },
  "versiculos": [
    "Daniel 2:44"
  ],
  "enlaces": [],
  "fuentes_recomendadas": [],
  "conclusion": {
    "es": "",
    "en": ""
  },
  "categoria": "Esperanza"
}