{
  "titulo": {
    "es": "¿Qué es el espíritu?",
    "en": "What is the spirit?"
  },
  "contenido": {
    "es": "Es la fuerza de vida que Jehová da, no una entidad consciente.",
    "en": "It is the life force given by Jehovah, not a conscious entity."
  },
  "cita": "Salmo 146:4",
  "argumentos": {
    "argumentos_biblicos": [],
    "argumentos_logicos": [],
    "argumentos_historicos": []
  },
  "versiculos": [
    "Salmo 146:4"
  ],
  "enlaces": [
    "https://www.jw.org/es/biblioteca/revistas/g201311/espiritu-alma/"
  ],
  "fuentes_recomendadas": [],
  "conclusion": {
    "es": "",
    "en": ""
  },
  "categoria": "Doctrina"
}