{
  "titulo": {
    "es": "¿Qué es el Armagedón?",
    "en": "What is Armageddon?"
  },
  "contenido": {
    "es": "La guerra final de Jehová contra los sistemas humanos injustos.",
    "en": "Jehovah’s final war against unrighteous human systems."
  },
  "cita": "Apocalipsis 16:14,16",
  "argumentos": {
    "argumentos_biblicos": [],
    "argumentos_logicos": [],
    "argumentos_historicos": []
  },
  "versiculos": [
    "Apocalipsis 16:14,16"
  ],
  "enlaces": [
    "https://www.jw.org/es/biblioteca/revistas/g201510/armagedon-guerra-final/"
  ],
  "fuentes_recomendadas": [],
  "conclusion": {
    "es": "",
    "en": ""
  },
  "categoria": "Esperanza"
}