{
  "titulo": {
    "es": "¿Qué es el nuevo mundo prometido por Dios?",
    "en": "What is the new world God promised?"
  },
  "contenido": {
    "es": "Es la Tierra transformada en un paraíso donde reinará la justicia.",
    "en": "It is the Earth transformed into a paradise where righteousness will rule."
  },
  "cita": "2 Pedro 3:13",
  "argumentos": {
    "argumentos_biblicos": [],
    "argumentos_logicos": [],
    "argumentos_historicos": []
  },
  "versiculos": [
    "2 Pedro 3:13"
  ],
  "enlaces": [
    "https://www.jw.org/es/biblioteca/libros/buena-noticia-mundo-nuevo/"
  ],
  "fuentes_recomendadas": [],
  "conclusion": {
    "es": "",
    "en": ""
  },
  "categoria": "Esperanza"
}