{
  "titulo": {
    "es": "¿Qué esperanza ofrece la Biblia a quienes han perdido a un ser querido?",
    "en": "What hope does the Bible offer to those who have lost a loved one?"
  },
  "contenido": {
    "es": "Promete la resurrección de los muertos.",
    "en": "It promises the resurrection of the dead."
  },
  "cita": "Juan 5:28-29",
  "argumentos": {
    "argumentos_biblicos": [],
    "argumentos_logicos": [],
    "argumentos_historicos": []
  },
  "versiculos": [
    "Juan 5:28-29"
  ],
  "enlaces": [],
  "fuentes_recomendadas": [],
  "conclusion": {
    "es": "",
    "en": ""
  },
  "categoria": "Esperanza"
}