{
  "titulo": {
    "es": "¿Qué enseña la Biblia sobre las buenas obras?",
    "en": "What does the Bible teach about good works?"
  },
  "contenido": {
    "es": "Son una manifestación de nuestra fe y amor a Dios.",
    "en": "They are an expression of our faith and love for God."
  },
  "cita": "Santiago 2:17",
  "argumentos": {
    "argumentos_biblicos": [],
    "argumentos_logicos": [],
    "argumentos_historicos": []
  },
  "versiculos": [
    "Santiago 2:17"
  ],
  "enlaces": [],
  "fuentes_recomendadas": [],
  "conclusion": {
    "es": "",
    "en": ""
  },
  "categoria": "Conducta"
}