{
  "titulo": {
    "es": "¿Qué enseña la Biblia sobre la paciencia?",
    "en": "What does the Bible teach about patience?"
  },
  "contenido": {
    "es": "La paciencia es una cualidad que Dios valora.",
    "en": "Patience is a quality valued by God."
  },
  "cita": "Eclesiastés 7:8",
  "argumentos": {
    "argumentos_biblicos": [],
    "argumentos_logicos": [],
    "argumentos_historicos": []
  },
  "versiculos": [
    "Eclesiastés 7:8"
  ],
  "enlaces": [],
  "fuentes_recomendadas": [],
  "conclusion": {
    "es": "",
    "en": ""
  },
  "categoria": "Conducta"
}