{
  "titulo": {
    "es": "¿Qué dice la Biblia sobre la riqueza?",
    "en": "What does the Bible say about wealth?"
  },
  "contenido": {
    "es": "La riqueza no garantiza felicidad ni salvación; debemos ser ricos para con Dios.",
    "en": "Wealth does not guarantee happiness or salvation; we must be rich toward God."
  },
  "cita": "Lucas 12:15",
  "argumentos": {
    "argumentos_biblicos": [],
    "argumentos_logicos": [],
    "argumentos_historicos": []
  },
  "versiculos": [
    "Lucas 12:15"
  ],
  "enlaces": [],
  "fuentes_recomendadas": [],
  "conclusion": {
    "es": "",
    "en": ""
  },
  "categoria": "Debates"
}