{
  "titulo": {
    "es": "¿Qué valor tiene el servicio a Dios?",
    "en": "What value does serving God have?"
  },
  "contenido": {
    "es": "Nos hace felices, nos da propósito y nos prepara para la vida eterna.",
    "en": "It makes us happy, gives us purpose, and prepares us for everlasting life."
  },
  "cita": "1 Corintios 15:58",
  "argumentos": {
    "argumentos_biblicos": [],
    "argumentos_logicos": [],
    "argumentos_historicos": []
  },
  "versiculos": [
    "1 Corintios 15:58"
  ],
  "enlaces": [],
  "fuentes_recomendadas": [],
  "conclusion": {
    "es": "",
    "en": ""
  },
  "categoria": "Doctrina"
}