{
  "titulo": {
    "es": "¿Qué enseña la Biblia sobre la humildad?",
    "en": "What does the Bible teach about humility?"
  },
  "contenido": {
    "es": "La humildad nos acerca a Dios y nos protege del orgullo.",
    "en": "Humility draws us closer to God and protects us from pride."
  },
  "cita": "Proverbios 22:4",
  "argumentos": {
    "argumentos_biblicos": [],
    "argumentos_logicos": [],
    "argumentos_historicos": []
  },
  "versiculos": [
    "Proverbios 22:4"
  ],
  "enlaces": [],
  "fuentes_recomendadas": [],
  "conclusion": {
    "es": "",
    "en": ""
  },
  "categoria": "Conducta"
}