{
  "titulo": {
    "es": "¿Qué enseña la Biblia sobre el perdón?",
    "en": "What does the Bible teach about forgiveness?"
  },
  "contenido": {
    "es": "Debemos perdonar como Jehová nos perdona.",
    "en": "We must forgive as Jehovah forgives us."
  },
  "cita": "Colosenses 3:13",
  "argumentos": {
    "argumentos_biblicos": [],
    "argumentos_logicos": [],
    "argumentos_historicos": []
  },
  "versiculos": [
    "Colosenses 3:13"
  ],
  "enlaces": [],
  "fuentes_recomendadas": [],
  "conclusion": {
    "es": "",
    "en": ""
  },
  "categoria": "Conducta"
}