{
  "titulo": {
    "es": "¿Qué propósito tiene el Reino de Dios?",
    "en": "What is the purpose of God's Kingdom?"
  },
  "contenido": {
    "es": "Acabar con la maldad y traer bendiciones eternas.",
    "en": "To end wickedness and bring eternal blessings."
  },
  "cita": "Daniel 2:44",
  "argumentos": {
    "argumentos_biblicos": [],
    "argumentos_logicos": [],
    "argumentos_historicos": []
  },
  "versiculos": [
    "Daniel 2:44"
  ],
  "enlaces": [],
  "fuentes_recomendadas": [],
  "conclusion": {
    "es": "",
    "en": ""
  },
  "categoria": "Doctrina"
}