{
  "titulo": {
    "es": "¿Qué significa ser luz del mundo?",
    "en": "What does it mean to be a light of the world?"
  },
  "contenido": {
    "es": "Reflejar buenas obras y la verdad en un mundo oscuro.",
    "en": "To reflect good works and the truth in a dark world."
  },
  "cita": "Mateo 5:14-16",
  "argumentos": {
    "argumentos_biblicos": [],
    "argumentos_logicos": [],
    "argumentos_historicos": []
  },
  "versiculos": [
    "Mateo 5:14-16"
  ],
  "enlaces": [],
  "fuentes_recomendadas": [],
  "conclusion": {
    "es": "",
    "en": ""
  },
  "categoria": "Conducta"
}