{
  "titulo": {
    "es": "¿Qué esperanza hay para quienes sufren enfermedades?",
    "en": "What hope is there for those suffering from illness?"
  },
  "contenido": {
    "es": "Dios promete un futuro sin dolor ni enfermedad.",
    "en": "God promises a future with no pain or illness."
  },
  "cita": "Isaías 33:24",
  "argumentos": {
    "argumentos_biblicos": [],
    "argumentos_logicos": [],
    "argumentos_historicos": []
  },
  "versiculos": [
    "Isaías 33:24"
  ],
  "enlaces": [],
  "fuentes_recomendadas": [],
  "conclusion": {
    "es": "",
    "en": ""
  },
  "categoria": "Esperanza"
}