{
  "titulo": {
    "es": "¿Qué actitud debemos tener durante las pruebas?",
    "en": "What attitude should we have during trials?"
  },
  "contenido": {
    "es": "Debemos mantenernos firmes y confiar en Jehová.",
    "en": "We should remain firm and trust in Jehovah."
  },
  "cita": "Santiago 1:12",
  "argumentos": {
    "argumentos_biblicos": [],
    "argumentos_logicos": [],
    "argumentos_historicos": []
  },
  "versiculos": [
    "Santiago 1:12"
  ],
  "enlaces": [],
  "fuentes_recomendadas": [],
  "conclusion": {
    "es": "",
    "en": ""
  },
  "categoria": "Esperanza"
}