{
  "titulo": {
    "es": "¿Qué es la neutralidad cristiana?",
    "en": "What is Christian neutrality?"
  },
  "contenido": {
    "es": "Es la decisión de no participar en conflictos políticos o militares, imitando a Jesús.",
    "en": "It is the decision not to participate in political or military conflicts, imitating Jesus."
  },
  "cita": "Juan 17:16",
  "argumentos": {
    "argumentos_biblicos": [],
    "argumentos_logicos": [],
    "argumentos_historicos": []
  },
  "versiculos": [
    "Juan 17:16"
  ],
  "enlaces": [],
  "fuentes_recomendadas": [],
  "conclusion": {
    "es": "",
    "en": ""
  },
  "categoria": "Debates"
}