{
  "titulo": {
    "es": "¿Qué importancia tiene el nombre de Dios?",
    "en": "Why is God's name important?"
  },
  "contenido": {
    "es": "Debe ser santificado y dado a conocer a las naciones.",
    "en": "It must be sanctified and made known to the nations."
  },
  "cita": "Ezequiel 36:23",
  "argumentos": {
    "argumentos_biblicos": [],
    "argumentos_logicos": [],
    "argumentos_historicos": []
  },
  "versiculos": [
    "Ezequiel 36:23"
  ],
  "enlaces": [],
  "fuentes_recomendadas": [],
  "conclusion": {
    "es": "",
    "en": ""
  },
  "categoria": "Doctrina"
}