{
  "titulo": {
    "es": "¿Qué efecto tiene la lectura bíblica en los jóvenes?",
    "en": "What effect does Bible reading have on young people?"
  },
  "contenido": {
    "es": "Los hace sabios para la salvación y les da guía moral.",
    "en": "It makes them wise for salvation and gives moral guidance."
  },
  "cita": "2 Timoteo 3:15",
  "argumentos": {
    "argumentos_biblicos": [],
    "argumentos_logicos": [],
    "argumentos_historicos": []
  },
  "versiculos": [
    "2 Timoteo 3:15"
  ],
  "enlaces": [],
  "fuentes_recomendadas": [],
  "conclusion": {
    "es": "",
    "en": ""
  },
  "categoria": "Doctrina"
}