{
  "titulo": {
    "es": "¿Qué enseña la Biblia sobre el egoísmo?",
    "en": "What does the Bible teach about selfishness?"
  },
  "contenido": {
    "es": "Debemos poner los intereses de los demás por encima de los nuestros.",
    "en": "We should put others' interests above our own."
  },
  "cita": "Filipenses 2:3-4",
  "argumentos": {
    "argumentos_biblicos": [],
    "argumentos_logicos": [],
    "argumentos_historicos": []
  },
  "versiculos": [
    "Filipenses 2:3-4"
  ],
  "enlaces": [],
  "fuentes_recomendadas": [],
  "conclusion": {
    "es": "",
    "en": ""
  },
  "categoria": "Conducta"
}