{
  "titulo": {
    "es": "¿Qué actitud tener ante las pruebas?",
    "en": "What attitude should we have in trials?"
  },
  "contenido": {
    "es": "Confiar en Jehová, quien nos da fuerzas para soportarlas.",
    "en": "Trust in Jehovah, who gives us strength to endure them."
  },
  "cita": "1 Corintios 10:13",
  "argumentos": {
    "argumentos_biblicos": [],
    "argumentos_logicos": [],
    "argumentos_historicos": []
  },
  "versiculos": [
    "1 Corintios 10:13"
  ],
  "enlaces": [],
  "fuentes_recomendadas": [],
  "conclusion": {
    "es": "",
    "en": ""
  },
  "categoria": "Esperanza"
}