{
  "titulo": {
    "es": "¿Qué pasará con los malvados?",
    "en": "What will happen to the wicked?"
  },
  "contenido": {
    "es": "Serán eliminados para siempre del futuro paraíso prometido por Dios.",
    "en": "They will be permanently removed from the future paradise promised by God."
  },
  "cita": "Salmo 37:10",
  "argumentos": {
    "argumentos_biblicos": [],
    "argumentos_logicos": [],
    "argumentos_historicos": []
  },
  "versiculos": [
    "Salmo 37:10"
  ],
  "enlaces": [],
  "fuentes_recomendadas": [],
  "conclusion": {
    "es": "",
    "en": ""
  },
  "categoria": "Esperanza"
}