{
  "titulo": {
    "es": "¿Qué es el espíritu santo?",
    "en": "What is the holy spirit?"
  },
  "contenido": {
    "es": "Es la fuerza activa de Dios, que guía y fortalece a sus siervos.",
    "en": "It is God's active force, which guides and strengthens His servants."
  },
  "cita": "Hechos 1:8",
  "argumentos": {
    "argumentos_biblicos": [],
    "argumentos_logicos": [],
    "argumentos_historicos": []
  },
  "versiculos": [
    "Hechos 1:8"
  ],
  "enlaces": [],
  "fuentes_recomendadas": [],
  "conclusion": {
    "es": "",
    "en": ""
  },
  "categoria": "Doctrina"
}