{
  "titulo": {
    "es": "¿Qué dice la Biblia sobre el aborto?",
    "en": "What does the Bible say about abortion?"
  },
  "contenido": {
    "es": "La vida es sagrada desde el vientre y debe ser respetada.",
    "en": "Life is sacred from the womb and must be respected."
  },
  "cita": "Éxodo 21:22-23",
  "argumentos": {
    "argumentos_biblicos": [],
    "argumentos_logicos": [],
    "argumentos_historicos": []
  },
  "versiculos": [
    "Éxodo 21:22-23"
  ],
  "enlaces": [],
  "fuentes_recomendadas": [],
  "conclusion": {
    "es": "",
    "en": ""
  },
  "categoria": "Debates"
}