{
  "titulo": {
    "es": "¿Qué dice la Biblia sobre la mentira?",
    "en": "What does the Bible say about lying?"
  },
  "contenido": {
    "es": "Jehová detesta la mentira; ama la verdad.",
    "en": "Jehovah detests lies and loves the truth."
  },
  "cita": "Proverbios 12:22",
  "argumentos": {
    "argumentos_biblicos": [],
    "argumentos_logicos": [],
    "argumentos_historicos": []
  },
  "versiculos": [
    "Proverbios 12:22"
  ],
  "enlaces": [],
  "fuentes_recomendadas": [],
  "conclusion": {
    "es": "",
    "en": ""
  },
  "categoria": "Conducta"
}