{
  "titulo": {
    "es": "¿Qué significa ser limpio moralmente?",
    "en": "What does it mean to be morally clean?"
  },
  "contenido": {
    "es": "Rechazar toda inmoralidad sexual y pensamientos impuros.",
    "en": "Rejecting all sexual immorality and impure thoughts."
  },
  "cita": "1 Tesalonicenses 4:3-5",
  "argumentos": {
    "argumentos_biblicos": [],
    "argumentos_logicos": [],
    "argumentos_historicos": []
  },
  "versiculos": [
    "1 Tesalonicenses 4:3-5"
  ],
  "enlaces": [],
  "fuentes_recomendadas": [],
  "conclusion": {
    "es": "",
    "en": ""
  },
  "categoria": "Conducta"
}