{
  "titulo": {
    "es": "¿Qué enseña la Biblia sobre la idolatría?",
    "en": "What does the Bible teach about idolatry?"
  },
  "contenido": {
    "es": "Jehová prohíbe adorar imágenes. Solo Él merece adoración.",
    "en": "Jehovah forbids worshipping images. Only He deserves worship."
  },
  "cita": "Éxodo 20:4-5",
  "argumentos": {
    "argumentos_biblicos": [],
    "argumentos_logicos": [],
    "argumentos_historicos": []
  },
  "versiculos": [
    "Éxodo 20:4-5"
  ],
  "enlaces": [
    "https://www.jw.org/es/biblioteca/libros/buena-noticia-idolatria/"
  ],
  "fuentes_recomendadas": [],
  "conclusion": {
    "es": "",
    "en": ""
  },
  "categoria": "Conducta Cristiana"
}