{
  "titulo": {
    "es": "¿Qué enseña la Biblia sobre el uso del tiempo?",
    "en": "What does the Bible teach about the use of time?"
  },
  "contenido": {
    "es": "Debemos usar bien nuestro tiempo porque los días son malos.",
    "en": "We should use our time wisely because the days are wicked."
  },
  "cita": "Efesios 5:15-16",
  "argumentos": {
    "argumentos_biblicos": [],
    "argumentos_logicos": [],
    "argumentos_historicos": []
  },
  "versiculos": [
    "Efesios 5:15-16"
  ],
  "enlaces": [],
  "fuentes_recomendadas": [],
  "conclusion": {
    "es": "",
    "en": ""
  },
  "categoria": "Conducta"
}