{
  "titulo": {
    "es": "¿Qué es la conciencia y cómo educarla?",
    "en": "What is conscience and how can we train it?"
  },
  "contenido": {
    "es": "Es un sentido moral que debe ser guiado por principios bíblicos.",
    "en": "It is a moral sense that should be guided by Bible principles."
  },
  "cita": "Romanos 2:15",
  "argumentos": {
    "argumentos_biblicos": [],
    "argumentos_logicos": [],
    "argumentos_historicos": []
  },
  "versiculos": [
    "Romanos 2:15"
  ],
  "enlaces": [],
  "fuentes_recomendadas": [],
  "conclusion": {
    "es": "",
    "en": ""
  },
  "categoria": "Conducta"
}