{
  "titulo": {
    "es": "¿Qué significa buscar primero el Reino?",
    "en": "What does it mean to seek the Kingdom first?"
  },
  "contenido": {
    "es": "Poner los intereses de Dios antes que los propios.",
    "en": "To put God's interests before our own."
  },
  "cita": "Mateo 6:33",
  "argumentos": {
    "argumentos_biblicos": [],
    "argumentos_logicos": [],
    "argumentos_historicos": []
  },
  "versiculos": [
    "Mateo 6:33"
  ],
  "enlaces": [],
  "fuentes_recomendadas": [],
  "conclusion": {
    "es": "",
    "en": ""
  },
  "categoria": "Conducta"
}