{
  "titulo": {
    "es": "¿Qué promesas tiene Dios para la Tierra?",
    "en": "What promises has God made for the Earth?"
  },
  "contenido": {
    "es": "Será transformada en un paraíso donde vivirá la humanidad obediente.",
    "en": "It will be transformed into a paradise where obedient mankind will live."
  },
  "cita": "Isaías 11:6-9",
  "argumentos": {
    "argumentos_biblicos": [],
    "argumentos_logicos": [],
    "argumentos_historicos": []
  },
  "versiculos": [
    "Isaías 11:6-9"
  ],
  "enlaces": [],
  "fuentes_recomendadas": [],
  "conclusion": {
    "es": "",
    "en": ""
  },
  "categoria": "Esperanza"
}