{
  "titulo": {
    "es": "¿Qué es la limpieza moral según la Biblia?",
    "en": "What is moral cleanness according to the Bible?"
  },
  "contenido": {
    "es": "Evitar inmoralidad, pensamientos impuros y vivir conforme a la santidad.",
    "en": "Avoiding immorality, impure thoughts, and living according to holiness."
  },
  "cita": "1 Tesalonicenses 4:3-5",
  "argumentos": {
    "argumentos_biblicos": [],
    "argumentos_logicos": [],
    "argumentos_historicos": []
  },
  "versiculos": [
    "1 Tesalonicenses 4:3-5"
  ],
  "enlaces": [],
  "fuentes_recomendadas": [],
  "conclusion": {
    "es": "",
    "en": ""
  },
  "categoria": "Conducta"
}