{
  "titulo": {
    "es": "¿Qué es el espíritu santo según la Biblia?",
    "en": "What is the holy spirit according to the Bible?"
  },
  "contenido": {
    "es": "Es la fuerza activa de Dios que guía y fortalece.",
    "en": "It is God's active force that guides and strengthens."
  },
  "cita": "Hechos 1:8",
  "argumentos": {
    "argumentos_biblicos": [],
    "argumentos_logicos": [],
    "argumentos_historicos": []
  },
  "versiculos": [
    "Hechos 1:8"
  ],
  "enlaces": [],
  "fuentes_recomendadas": [],
  "conclusion": {
    "es": "",
    "en": ""
  },
  "categoria": "Doctrina"
}