{
  "titulo": {
    "es": "¿Qué actitud debemos tener hacia la corrección?",
    "en": "What attitude should we have toward correction?"
  },
  "contenido": {
    "es": "Aceptarla con humildad como expresión del amor de Dios.",
    "en": "Accept it with humility as an expression of God’s love."
  },
  "cita": "Proverbios 3:11-12",
  "argumentos": {
    "argumentos_biblicos": [],
    "argumentos_logicos": [],
    "argumentos_historicos": []
  },
  "versiculos": [
    "Proverbios 3:11-12"
  ],
  "enlaces": [],
  "fuentes_recomendadas": [],
  "conclusion": {
    "es": "",
    "en": ""
  },
  "categoria": "Conducta"
}