{
  "titulo": {
    "es": "¿Qué dice la Biblia sobre las apuestas y el juego?",
    "en": "What does the Bible say about gambling?"
  },
  "contenido": {
    "es": "Promueven la codicia y son incompatibles con el amor a Dios.",
    "en": "They promote greed and are incompatible with love for God."
  },
  "cita": "1 Timoteo 6:9-10",
  "argumentos": {
    "argumentos_biblicos": [],
    "argumentos_logicos": [],
    "argumentos_historicos": []
  },
  "versiculos": [
    "1 Timoteo 6:9-10"
  ],
  "enlaces": [],
  "fuentes_recomendadas": [],
  "conclusion": {
    "es": "",
    "en": ""
  },
  "categoria": "Conducta"
}