{
  "titulo": {
    "es": "¿Qué efecto tiene la oración en nuestra vida?",
    "en": "What effect does prayer have on our life?"
  },
  "contenido": {
    "es": "Nos fortalece espiritualmente y nos acerca más a Dios.",
    "en": "It strengthens us spiritually and draws us closer to God."
  },
  "cita": "1 Tesalonicenses 5:17",
  "argumentos": {
    "argumentos_biblicos": [],
    "argumentos_logicos": [],
    "argumentos_historicos": []
  },
  "versiculos": [
    "1 Tesalonicenses 5:17"
  ],
  "enlaces": [],
  "fuentes_recomendadas": [],
  "conclusion": {
    "es": "",
    "en": ""
  },
  "categoria": "Conducta"
}