{
  "titulo": {
    "es": "¿Qué dice la Biblia sobre el lenguaje ofensivo?",
    "en": "What does the Bible say about offensive language?"
  },
  "contenido": {
    "es": "Nuestra palabra debe ser siempre agradable y edificante.",
    "en": "Our speech should always be pleasant and uplifting."
  },
  "cita": "Efesios 4:29",
  "argumentos": {
    "argumentos_biblicos": [],
    "argumentos_logicos": [],
    "argumentos_historicos": []
  },
  "versiculos": [
    "Efesios 4:29"
  ],
  "enlaces": [],
  "fuentes_recomendadas": [],
  "conclusion": {
    "es": "",
    "en": ""
  },
  "categoria": "Conducta"
}