{
  "titulo": {
    "es": "¿Qué enseña la Biblia sobre el orgullo?",
    "en": "What does the Bible teach about pride?"
  },
  "contenido": {
    "es": "Dios se opone a los orgullosos pero da su favor a los humildes.",
    "en": "God opposes the proud but gives favor to the humble."
  },
  "cita": "Proverbios 16:18",
  "argumentos": {
    "argumentos_biblicos": [],
    "argumentos_logicos": [],
    "argumentos_historicos": []
  },
  "versiculos": [
    "Proverbios 16:18"
  ],
  "enlaces": [],
  "fuentes_recomendadas": [],
  "conclusion": {
    "es": "",
    "en": ""
  },
  "categoria": "Conducta"
}