{
  "titulo": {
    "es": "¿Qué enseña la Biblia sobre el materialismo?",
    "en": "What does the Bible teach about materialism?"
  },
  "contenido": {
    "es": "No debemos poner las cosas materiales por encima de nuestra espiritualidad.",
    "en": "We must not put material things above our spirituality."
  },
  "cita": "Mateo 6:24",
  "argumentos": {
    "argumentos_biblicos": [],
    "argumentos_logicos": [],
    "argumentos_historicos": []
  },
  "versiculos": [
    "Mateo 6:24"
  ],
  "enlaces": [],
  "fuentes_recomendadas": [],
  "conclusion": {
    "es": "",
    "en": ""
  },
  "categoria": "Debates"
}