{
  "titulo": {
    "es": "¿Qué papel tiene la congregación en la vida cristiana?",
    "en": "What role does the congregation play in Christian life?"
  },
  "contenido": {
    "es": "Nos brinda apoyo espiritual y nos ayuda a crecer en la fe.",
    "en": "It provides spiritual support and helps us grow in faith."
  },
  "cita": "Efesios 4:11-13",
  "argumentos": {
    "argumentos_biblicos": [],
    "argumentos_logicos": [],
    "argumentos_historicos": []
  },
  "versiculos": [
    "Efesios 4:11-13"
  ],
  "enlaces": [],
  "fuentes_recomendadas": [],
  "conclusion": {
    "es": "",
    "en": ""
  },
  "categoria": "Doctrina"
}