{
  "titulo": {
    "es": "¿Qué actitud tener hacia los ancianos cristianos?",
    "en": "What attitude should we have toward Christian elders?"
  },
  "contenido": {
    "es": "Respetarlos y valorar su labor en la congregación.",
    "en": "Respect them and value their work in the congregation."
  },
  "cita": "1 Timoteo 5:17",
  "argumentos": {
    "argumentos_biblicos": [],
    "argumentos_logicos": [],
    "argumentos_historicos": []
  },
  "versiculos": [
    "1 Timoteo 5:17"
  ],
  "enlaces": [],
  "fuentes_recomendadas": [],
  "conclusion": {
    "es": "",
    "en": ""
  },
  "categoria": "Conducta"
}