{
  "titulo": {
    "es": "¿Qué enseña la Biblia sobre el amor verdadero?",
    "en": "What does the Bible teach about true love?"
  },
  "contenido": {
    "es": "Es paciente, bondadoso, no busca lo suyo y nunca falla.",
    "en": "It is patient, kind, does not seek its own, and never fails."
  },
  "cita": "1 Corintios 13:4-8",
  "argumentos": {
    "argumentos_biblicos": [],
    "argumentos_logicos": [],
    "argumentos_historicos": []
  },
  "versiculos": [
    "1 Corintios 13:4-8"
  ],
  "enlaces": [],
  "fuentes_recomendadas": [],
  "conclusion": {
    "es": "",
    "en": ""
  },
  "categoria": "Conducta"
}