{
  "titulo": {
    "es": "¿Qué es la verdadera religión?",
    "en": "What is true religion?"
  },
  "contenido": {
    "es": "La que se basa en la verdad bíblica y se demuestra con amor y obediencia.",
    "en": "The one based on Bible truth and shown through love and obedience."
  },
  "cita": "Santiago 1:27",
  "argumentos": {
    "argumentos_biblicos": [],
    "argumentos_logicos": [],
    "argumentos_historicos": []
  },
  "versiculos": [
    "Santiago 1:27"
  ],
  "enlaces": [],
  "fuentes_recomendadas": [],
  "conclusion": {
    "es": "",
    "en": ""
  },
  "categoria": "Doctrina"
}