{
  "titulo": {
    "es": "¿Qué valor tiene la sabiduría bíblica?",
    "en": "What is the value of Bible wisdom?"
  },
  "contenido": {
    "es": "Vale más que el oro porque guía nuestras decisiones y nos protege del mal.",
    "en": "It is worth more than gold because it guides our decisions and protects us from evil."
  },
  "cita": "Proverbios 4:7",
  "argumentos": {
    "argumentos_biblicos": [],
    "argumentos_logicos": [],
    "argumentos_historicos": []
  },
  "versiculos": [
    "Proverbios 4:7"
  ],
  "enlaces": [],
  "fuentes_recomendadas": [],
  "conclusion": {
    "es": "",
    "en": ""
  },
  "categoria": "Conducta"
}