{
  "titulo": {
    "es": "¿Qué enseña la Biblia sobre la inmortalidad del alma?",
    "en": "What does the Bible teach about the immortality of the soul?"
  },
  "contenido": {
    "es": "El alma muere; no es inmortal. La esperanza es la resurrección.",
    "en": "The soul dies; it is not immortal. The hope lies in the resurrection."
  },
  "cita": "Ezequiel 18:4",
  "argumentos": {
    "argumentos_biblicos": [],
    "argumentos_logicos": [],
    "argumentos_historicos": []
  },
  "versiculos": [
    "Ezequiel 18:4"
  ],
  "enlaces": [],
  "fuentes_recomendadas": [],
  "conclusion": {
    "es": "",
    "en": ""
  },
  "categoria": "Debates"
}