{
  "titulo": {
    "es": "¿Qué propósito tiene la vida?",
    "en": "What is the purpose of life?"
  },
  "contenido": {
    "es": "Conocer a Jehová y vivir para siempre en una Tierra paradisíaca.",
    "en": "To know Jehovah and live forever in a paradise Earth."
  },
  "cita": "Juan 17:3",
  "argumentos": {
    "argumentos_biblicos": [],
    "argumentos_logicos": [],
    "argumentos_historicos": []
  },
  "versiculos": [
    "Juan 17:3"
  ],
  "enlaces": [
    "https://www.jw.org/es/biblioteca/libros/buena-noticia-proposito-dios/"
  ],
  "fuentes_recomendadas": [],
  "conclusion": {
    "es": "",
    "en": ""
  },
  "categoria": "Doctrina"
}