{
  "titulo": {
    "es": "¿Qué enseña la Biblia sobre la muerte?",
    "en": "What does the Bible teach about death?"
  },
  "contenido": {
    "es": "La muerte es un estado de inconsciencia, no de sufrimiento eterno.",
    "en": "Death is a state of unconsciousness, not eternal suffering."
  },
  "cita": "Eclesiastés 9:5",
  "argumentos": {
    "argumentos_biblicos": [],
    "argumentos_logicos": [],
    "argumentos_historicos": []
  },
  "versiculos": [
    "Eclesiastés 9:5"
  ],
  "enlaces": [],
  "fuentes_recomendadas": [],
  "conclusion": {
    "es": "",
    "en": ""
  },
  "categoria": "Doctrina"
}