{
  "titulo": {
    "es": "¿Qué actitud debemos tener hacia el matrimonio?",
    "en": "What attitude should we have toward marriage?"
  },
  "contenido": {
    "es": "Debe ser honrado, duradero y basado en el amor verdadero.",
    "en": "It should be honored, lasting, and based on true love."
  },
  "cita": "Hebreos 13:4",
  "argumentos": {
    "argumentos_biblicos": [],
    "argumentos_logicos": [],
    "argumentos_historicos": []
  },
  "versiculos": [
    "Hebreos 13:4"
  ],
  "enlaces": [],
  "fuentes_recomendadas": [],
  "conclusion": {
    "es": "",
    "en": ""
  },
  "categoria": "Conducta"
}