{
  "titulo": {
    "es": "¿Qué dice la Biblia sobre la educación superior?",
    "en": "What does the Bible say about higher education?"
  },
  "contenido": {
    "es": "Debemos buscar primero intereses espirituales y tener cuidado con las influencias.",
    "en": "We should prioritize spiritual interests and be cautious about influences."
  },
  "cita": "Colosenses 2:8",
  "argumentos": {
    "argumentos_biblicos": [],
    "argumentos_logicos": [],
    "argumentos_historicos": []
  },
  "versiculos": [
    "Colosenses 2:8"
  ],
  "enlaces": [],
  "fuentes_recomendadas": [],
  "conclusion": {
    "es": "",
    "en": ""
  },
  "categoria": "Debates"
}