{
  "titulo": {
    "es": "¿Qué dice la Biblia sobre la idolatría?",
    "en": "What does the Bible say about idolatry?"
  },
  "contenido": {
    "es": "Está prohibida en todas sus formas; sólo Jehová debe ser adorado.",
    "en": "It is forbidden in all forms; only Jehovah must be worshipped."
  },
  "cita": "Éxodo 20:4-5",
  "argumentos": {
    "argumentos_biblicos": [],
    "argumentos_logicos": [],
    "argumentos_historicos": []
  },
  "versiculos": [
    "Éxodo 20:4-5"
  ],
  "enlaces": [],
  "fuentes_recomendadas": [],
  "conclusion": {
    "es": "",
    "en": ""
  },
  "categoria": "Debates"
}