{
  "titulo": {
    "es": "¿Qué es la justicia de Dios?",
    "en": "What is God’s justice?"
  },
  "contenido": {
    "es": "Es perfecta, imparcial y basada en amor y verdad.",
    "en": "It is perfect, impartial, and based on love and truth."
  },
  "cita": "Deuteronomio 32:4",
  "argumentos": {
    "argumentos_biblicos": [],
    "argumentos_logicos": [],
    "argumentos_historicos": []
  },
  "versiculos": [
    "Deuteronomio 32:4"
  ],
  "enlaces": [],
  "fuentes_recomendadas": [],
  "conclusion": {
    "es": "",
    "en": ""
  },
  "categoria": "Doctrina"
}