{
  "titulo": {
    "es": "¿Qué papel tiene la congregación en tiempos difíciles?",
    "en": "What role does the congregation play in difficult times?"
  },
  "contenido": {
    "es": "Brinda consuelo, fortaleza y apoyo mutuo.",
    "en": "It provides comfort, strength, and mutual support."
  },
  "cita": "1 Tesalonicenses 5:11",
  "argumentos": {
    "argumentos_biblicos": [],
    "argumentos_logicos": [],
    "argumentos_historicos": []
  },
  "versiculos": [
    "1 Tesalonicenses 5:11"
  ],
  "enlaces": [],
  "fuentes_recomendadas": [],
  "conclusion": {
    "es": "",
    "en": ""
  },
  "categoria": "Conducta"
}