{
  "titulo": {
    "es": "¿Qué papel tiene la conciencia en nuestras decisiones?",
    "en": "What role does conscience play in our decisions?"
  },
  "contenido": {
    "es": "Nos ayuda a hacer lo correcto cuando está educada por la Biblia.",
    "en": "It helps us do what is right when trained by the Bible."
  },
  "cita": "Hebreos 5:14",
  "argumentos": {
    "argumentos_biblicos": [],
    "argumentos_logicos": [],
    "argumentos_historicos": []
  },
  "versiculos": [
    "Hebreos 5:14"
  ],
  "enlaces": [],
  "fuentes_recomendadas": [],
  "conclusion": {
    "es": "",
    "en": ""
  },
  "categoria": "Conducta"
}