{
  "titulo": {
    "es": "¿Qué enseña la Biblia sobre la esperanza?",
    "en": "What does the Bible teach about hope?"
  },
  "contenido": {
    "es": "La esperanza basada en la Biblia no defrauda.",
    "en": "Bible-based hope does not disappoint."
  },
  "cita": "Romanos 15:13",
  "argumentos": {
    "argumentos_biblicos": [],
    "argumentos_logicos": [],
    "argumentos_historicos": []
  },
  "versiculos": [
    "Romanos 15:13"
  ],
  "enlaces": [],
  "fuentes_recomendadas": [],
  "conclusion": {
    "es": "",
    "en": ""
  },
  "categoria": "Doctrina"
}