{
  "titulo": {
    "es": "¿Qué muestra que estamos en los últimos días?",
    "en": "What shows that we are in the last days?"
  },
  "contenido": {
    "es": "Las señales como guerras, desobediencia y falta de amor que profetizó la Biblia.",
    "en": "Signs like wars, disobedience, and lack of love as prophesied in the Bible."
  },
  "cita": "2 Timoteo 3:1-5",
  "argumentos": {
    "argumentos_biblicos": [],
    "argumentos_logicos": [],
    "argumentos_historicos": []
  },
  "versiculos": [
    "2 Timoteo 3:1-5"
  ],
  "enlaces": [],
  "fuentes_recomendadas": [],
  "conclusion": {
    "es": "",
    "en": ""
  },
  "categoria": "Debates"
}