{
  "titulo": {
    "es": "¿Qué espera Jehová de los jóvenes?",
    "en": "What does Jehovah expect from young people?"
  },
  "contenido": {
    "es": "Que lo recuerden y lo sirvan desde su juventud.",
    "en": "That they remember Him and serve Him from their youth."
  },
  "cita": "Eclesiastés 12:1",
  "argumentos": {
    "argumentos_biblicos": [],
    "argumentos_logicos": [],
    "argumentos_historicos": []
  },
  "versiculos": [
    "Eclesiastés 12:1"
  ],
  "enlaces": [],
  "fuentes_recomendadas": [],
  "conclusion": {
    "es": "",
    "en": ""
  },
  "categoria": "Conducta"
}