{
  "titulo": {
    "es": "¿Qué esperanza da Dios a los jóvenes?",
    "en": "What hope does God give to young people?"
  },
  "contenido": {
    "es": "Que pueden servirle con gozo y tener un futuro eterno en su Reino.",
    "en": "That they can serve Him joyfully and have an everlasting future in His Kingdom."
  },
  "cita": "Eclesiastés 12:1",
  "argumentos": {
    "argumentos_biblicos": [],
    "argumentos_logicos": [],
    "argumentos_historicos": []
  },
  "versiculos": [
    "Eclesiastés 12:1"
  ],
  "enlaces": [],
  "fuentes_recomendadas": [],
  "conclusion": {
    "es": "",
    "en": ""
  },
  "categoria": "Esperanza"
}