{
  "titulo": {
    "es": "¿Qué esperanza da Dios a los que sufren injusticias?",
    "en": "What hope does God give to those suffering injustice?"
  },
  "contenido": {
    "es": "Dios traerá justicia mediante su Reino y recompensará a los fieles.",
    "en": "God will bring justice through His Kingdom and reward the faithful."
  },
  "cita": "Salmo 103:6",
  "argumentos": {
    "argumentos_biblicos": [],
    "argumentos_logicos": [],
    "argumentos_historicos": []
  },
  "versiculos": [
    "Salmo 103:6"
  ],
  "enlaces": [],
  "fuentes_recomendadas": [],
  "conclusion": {
    "es": "",
    "en": ""
  },
  "categoria": "Esperanza"
}