{
  "titulo": {
    "es": "¿Qué enseña la Biblia sobre las redes sociales?",
    "en": "What does the Bible teach about social media?"
  },
  "contenido": {
    "es": "Debemos usarlas con sabiduría y evitar contenido perjudicial.",
    "en": "We should use them wisely and avoid harmful content."
  },
  "cita": "Filipenses 4:8",
  "argumentos": {
    "argumentos_biblicos": [],
    "argumentos_logicos": [],
    "argumentos_historicos": []
  },
  "versiculos": [
    "Filipenses 4:8"
  ],
  "enlaces": [],
  "fuentes_recomendadas": [],
  "conclusion": {
    "es": "",
    "en": ""
  },
  "categoria": "Conducta"
}