{
  "titulo": {
    "es": "¿Qué es la apostasía?",
    "en": "What is apostasy?"
  },
  "contenido": {
    "es": "Es el abandono o rechazo de la verdad bíblica revelada.",
    "en": "It is the abandonment or rejection of revealed Bible truth."
  },
  "cita": "2 Tesalonicenses 2:3",
  "argumentos": {
    "argumentos_biblicos": [],
    "argumentos_logicos": [],
    "argumentos_historicos": []
  },
  "versiculos": [
    "2 Tesalonicenses 2:3"
  ],
  "enlaces": [],
  "fuentes_recomendadas": [],
  "conclusion": {
    "es": "",
    "en": ""
  },
  "categoria": "Debates"
}