{
  "titulo": {
    "es": "¿Qué dice la Biblia sobre el infierno?",
    "en": "What does the Bible say about hell?"
  },
  "contenido": {
    "es": "No es un lugar de tormento. Es la condición de los muertos.",
    "en": "It is not a place of torment. It is the condition of the dead."
  },
  "cita": "Eclesiastés 9:10",
  "argumentos": {
    "argumentos_biblicos": [],
    "argumentos_logicos": [],
    "argumentos_historicos": []
  },
  "versiculos": [
    "Eclesiastés 9:10"
  ],
  "enlaces": [
    "https://www.jw.org/es/biblioteca/libros/buena-noticia-infierno/"
  ],
  "fuentes_recomendadas": [],
  "conclusion": {
    "es": "",
    "en": ""
  },
  "categoria": "Debate Bíblico"
}