{
  "titulo": {
    "es": "¿Qué esperanza hay para los que no han conocido a Dios?",
    "en": "What hope is there for those who have not known God?"
  },
  "contenido": {
    "es": "Tendrán la oportunidad de aprender sobre Él durante el reinado de Cristo.",
    "en": "They will have the opportunity to learn about Him during Christ’s reign."
  },
  "cita": "Hechos 17:30-31",
  "argumentos": {
    "argumentos_biblicos": [],
    "argumentos_logicos": [],
    "argumentos_historicos": []
  },
  "versiculos": [
    "Hechos 17:30-31"
  ],
  "enlaces": [],
  "fuentes_recomendadas": [],
  "conclusion": {
    "es": "",
    "en": ""
  },
  "categoria": "Esperanza"
}