{
  "titulo": {
    "es": "¿Qué dice la Biblia sobre la avaricia?",
    "en": "What does the Bible say about greed?"
  },
  "contenido": {
    "es": "La avaricia puede alejarnos de Dios.",
    "en": "Greed can distance us from God."
  },
  "cita": "1 Timoteo 6:9-10",
  "argumentos": {
    "argumentos_biblicos": [],
    "argumentos_logicos": [],
    "argumentos_historicos": []
  },
  "versiculos": [
    "1 Timoteo 6:9-10"
  ],
  "enlaces": [],
  "fuentes_recomendadas": [],
  "conclusion": {
    "es": "",
    "en": ""
  },
  "categoria": "Debates"
}