{
  "titulo": {
    "es": "¿Qué enseña la Biblia sobre el compañerismo cristiano?",
    "en": "What does the Bible teach about Christian fellowship?"
  },
  "contenido": {
    "es": "Fortalece la fe y muestra amor entre hermanos.",
    "en": "It strengthens faith and shows love among brothers."
  },
  "cita": "Salmo 133:1",
  "argumentos": {
    "argumentos_biblicos": [],
    "argumentos_logicos": [],
    "argumentos_historicos": []
  },
  "versiculos": [
    "Salmo 133:1"
  ],
  "enlaces": [],
  "fuentes_recomendadas": [],
  "conclusion": {
    "es": "",
    "en": ""
  },
  "categoria": "Conducta"
}