{
  "titulo": {
    "es": "¿Qué actitud debemos tener hacia el trabajo en la congregación?",
    "en": "What attitude should we have toward work in the congregation?"
  },
  "contenido": {
    "es": "Debe ser de disposición voluntaria y con espíritu de servicio.",
    "en": "It should be willing and with a spirit of service."
  },
  "cita": "Salmo 110:3",
  "argumentos": {
    "argumentos_biblicos": [],
    "argumentos_logicos": [],
    "argumentos_historicos": []
  },
  "versiculos": [
    "Salmo 110:3"
  ],
  "enlaces": [],
  "fuentes_recomendadas": [],
  "conclusion": {
    "es": "",
    "en": ""
  },
  "categoria": "Conducta"
}