{
  "titulo": {
    "es": "¿Qué esperanza hay para la Tierra?",
    "en": "What hope is there for the Earth?"
  },
  "contenido": {
    "es": "Dios promete una Tierra nueva y justa.",
    "en": "God promises a new and righteous Earth."
  },
  "cita": "Salmo 37:29",
  "argumentos": {
    "argumentos_biblicos": [],
    "argumentos_logicos": [],
    "argumentos_historicos": []
  },
  "versiculos": [
    "Salmo 37:29"
  ],
  "enlaces": [],
  "fuentes_recomendadas": [],
  "conclusion": {
    "es": "",
    "en": ""
  },
  "categoria": "Esperanza"
}