{
  "titulo": {
    "es": "¿Qué dice la Biblia sobre el temor al hombre?",
    "en": "What does the Bible say about fear of man?"
  },
  "contenido": {
    "es": "Nos puede hacer tropezar; debemos temer solo a Dios.",
    "en": "It can cause us to stumble; we should fear only God."
  },
  "cita": "Proverbios 29:25",
  "argumentos": {
    "argumentos_biblicos": [],
    "argumentos_logicos": [],
    "argumentos_historicos": []
  },
  "versiculos": [
    "Proverbios 29:25"
  ],
  "enlaces": [],
  "fuentes_recomendadas": [],
  "conclusion": {
    "es": "",
    "en": ""
  },
  "categoria": "Conducta"
}