{
  "titulo": {
    "es": "¿Qué hará Dios con la maldad?",
    "en": "What will God do with wickedness?"
  },
  "contenido": {
    "es": "La eliminará completamente mediante su Reino justo.",
    "en": "He will completely eliminate it through His righteous Kingdom."
  },
  "cita": "Salmo 37:9-10",
  "argumentos": {
    "argumentos_biblicos": [],
    "argumentos_logicos": [],
    "argumentos_historicos": []
  },
  "versiculos": [
    "Salmo 37:9-10"
  ],
  "enlaces": [],
  "fuentes_recomendadas": [],
  "conclusion": {
    "es": "",
    "en": ""
  },
  "categoria": "Esperanza"
}