{
  "titulo": {
    "es": "¿Qué actitud debemos tener hacia la corrección bíblica?",
    "en": "What attitude should we have toward Bible-based correction?"
  },
  "contenido": {
    "es": "Debemos aceptarla con gratitud y humildad.",
    "en": "We should accept it with gratitude and humility."
  },
  "cita": "Proverbios 1:8",
  "argumentos": {
    "argumentos_biblicos": [],
    "argumentos_logicos": [],
    "argumentos_historicos": []
  },
  "versiculos": [
    "Proverbios 1:8"
  ],
  "enlaces": [],
  "fuentes_recomendadas": [],
  "conclusion": {
    "es": "",
    "en": ""
  },
  "categoria": "Conducta"
}