{
  "titulo": {
    "es": "¿Qué esperanza ofrece la Biblia a los enfermos?",
    "en": "What hope does the Bible offer to the sick?"
  },
  "contenido": {
    "es": "Dios eliminará las enfermedades en el nuevo mundo.",
    "en": "God will eliminate sickness in the new world."
  },
  "cita": "Isaías 33:24",
  "argumentos": {
    "argumentos_biblicos": [],
    "argumentos_logicos": [],
    "argumentos_historicos": []
  },
  "versiculos": [
    "Isaías 33:24"
  ],
  "enlaces": [],
  "fuentes_recomendadas": [],
  "conclusion": {
    "es": "",
    "en": ""
  },
  "categoria": "Esperanza"
}