{
  "titulo": {
    "es": "¿Qué dice la Biblia sobre el racismo?",
    "en": "What does the Bible say about racism?"
  },
  "contenido": {
    "es": "Dios no hace distinción entre personas. Todos somos iguales ante Él.",
    "en": "God does not show partiality. We are all equal before Him."
  },
  "cita": "Hechos 10:34-35",
  "argumentos": {
    "argumentos_biblicos": [],
    "argumentos_logicos": [],
    "argumentos_historicos": []
  },
  "versiculos": [
    "Hechos 10:34-35"
  ],
  "enlaces": [],
  "fuentes_recomendadas": [],
  "conclusion": {
    "es": "",
    "en": ""
  },
  "categoria": "Debates"
}