{
  "titulo": {
    "es": "¿Qué actitud debemos tener hacia los ancianos cristianos?",
    "en": "What attitude should we have toward Christian elders?"
  },
  "contenido": {
    "es": "Debemos respetarlos, escucharlos y obedecer su guía basada en la Biblia.",
    "en": "We should respect them, listen to them, and follow their Bible-based guidance."
  },
  "cita": "Hebreos 13:17",
  "argumentos": {
    "argumentos_biblicos": [],
    "argumentos_logicos": [],
    "argumentos_historicos": []
  },
  "versiculos": [
    "Hebreos 13:17"
  ],
  "enlaces": [],
  "fuentes_recomendadas": [],
  "conclusion": {
    "es": "",
    "en": ""
  },
  "categoria": "Conducta"
}