{
  "titulo": {
    "es": "¿Qué beneficios trae la lectura diaria de la Biblia?",
    "en": "What benefits come from daily Bible reading?"
  },
  "contenido": {
    "es": "Nos acerca a Dios, nos da sabiduría y fortalece la fe.",
    "en": "It draws us closer to God, gives us wisdom, and strengthens our faith."
  },
  "cita": "Salmo 1:1-3",
  "argumentos": {
    "argumentos_biblicos": [],
    "argumentos_logicos": [],
    "argumentos_historicos": []
  },
  "versiculos": [
    "Salmo 1:1-3"
  ],
  "enlaces": [],
  "fuentes_recomendadas": [],
  "conclusion": {
    "es": "",
    "en": ""
  },
  "categoria": "Doctrina"
}