{
  "titulo": {
    "es": "¿Qué dice la Biblia sobre el materialismo?",
    "en": "What does the Bible say about materialism?"
  },
  "contenido": {
    "es": "No podemos servir a Dios y a las riquezas.",
    "en": "We cannot serve both God and wealth."
  },
  "cita": "Mateo 6:24",
  "argumentos": {
    "argumentos_biblicos": [],
    "argumentos_logicos": [],
    "argumentos_historicos": []
  },
  "versiculos": [
    "Mateo 6:24"
  ],
  "enlaces": [],
  "fuentes_recomendadas": [],
  "conclusion": {
    "es": "",
    "en": ""
  },
  "categoria": "Debates"
}