{
  "titulo": {
    "es": "¿Qué enseña la Biblia sobre los espíritus?",
    "en": "What does the Bible teach about spirits?"
  },
  "contenido": {
    "es": "Prohíbe toda forma de espiritismo y contacto con los muertos.",
    "en": "It forbids all forms of spiritism and contact with the dead."
  },
  "cita": "Deuteronomio 18:10-12",
  "argumentos": {
    "argumentos_biblicos": [],
    "argumentos_logicos": [],
    "argumentos_historicos": []
  },
  "versiculos": [
    "Deuteronomio 18:10-12"
  ],
  "enlaces": [],
  "fuentes_recomendadas": [],
  "conclusion": {
    "es": "",
    "en": ""
  },
  "categoria": "Debates"
}