{
  "titulo": {
    "es": "¿Qué actitud debemos tener ante el sufrimiento?",
    "en": "What attitude should we have toward suffering?"
  },
  "contenido": {
    "es": "Debemos ser pacientes y confiar en la ayuda de Jehová.",
    "en": "We should be patient and trust in Jehovah’s help."
  },
  "cita": "Romanos 12:12",
  "argumentos": {
    "argumentos_biblicos": [],
    "argumentos_logicos": [],
    "argumentos_historicos": []
  },
  "versiculos": [
    "Romanos 12:12"
  ],
  "enlaces": [],
  "fuentes_recomendadas": [],
  "conclusion": {
    "es": "",
    "en": ""
  },
  "categoria": "Esperanza"
}