{
  "titulo": {
    "es": "¿Qué es el bautismo cristiano?",
    "en": "What is Christian baptism?"
  },
  "contenido": {
    "es": "Una muestra pública de dedicación a Jehová.",
    "en": "A public demonstration of dedication to Jehovah."
  },
  "cita": "Mateo 28:19",
  "argumentos": {
    "argumentos_biblicos": [],
    "argumentos_logicos": [],
    "argumentos_historicos": []
  },
  "versiculos": [
    "Mateo 28:19"
  ],
  "enlaces": [
    "https://www.jw.org/es/biblioteca/libros/buena-noticia-bautismo/"
  ],
  "fuentes_recomendadas": [],
  "conclusion": {
    "es": "",
    "en": ""
  },
  "categoria": "Conducta Cristiana"
}