{
  "titulo": {
    "es": "¿Qué enseña la Biblia sobre la violencia?",
    "en": "What does the Bible teach about violence?"
  },
  "contenido": {
    "es": "Jehová aborrece la violencia y ama la paz.",
    "en": "Jehovah hates violence and loves peace."
  },
  "cita": "Salmo 11:5",
  "argumentos": {
    "argumentos_biblicos": [],
    "argumentos_logicos": [],
    "argumentos_historicos": []
  },
  "versiculos": [
    "Salmo 11:5"
  ],
  "enlaces": [],
  "fuentes_recomendadas": [],
  "conclusion": {
    "es": "",
    "en": ""
  },
  "categoria": "Conducta"
}