{
  "titulo": {
    "es": "¿Qué es la conciencia limpia ante Dios?",
    "en": "What is a clean conscience before God?"
  },
  "contenido": {
    "es": "Es actuar de forma que no nos acuse interiormente ante Jehová.",
    "en": "It is acting in a way that does not accuse us before Jehovah."
  },
  "cita": "1 Pedro 3:16",
  "argumentos": {
    "argumentos_biblicos": [],
    "argumentos_logicos": [],
    "argumentos_historicos": []
  },
  "versiculos": [
    "1 Pedro 3:16"
  ],
  "enlaces": [],
  "fuentes_recomendadas": [],
  "conclusion": {
    "es": "",
    "en": ""
  },
  "categoria": "Conducta"
}