{
  "titulo": {
    "es": "¿Qué es el alma según la Biblia?",
    "en": "What is the soul according to the Bible?"
  },
  "contenido": {
    "es": "El alma es la persona. No es inmortal ni sobrevive la muerte.",
    "en": "The soul is the person. It is not immortal and does not survive death."
  },
  "cita": "Ezequiel 18:4",
  "argumentos": {
    "argumentos_biblicos": [],
    "argumentos_logicos": [],
    "argumentos_historicos": []
  },
  "versiculos": [
    "Ezequiel 18:4"
  ],
  "enlaces": [
    "https://www.jw.org/es/biblioteca/revistas/g201409/alma-es-inmortal/"
  ],
  "fuentes_recomendadas": [],
  "conclusion": {
    "es": "",
    "en": ""
  },
  "categoria": "Debate Bíblico"
}