{
  "titulo": {
    "es": "¿Qué es la esperanza cristiana?",
    "en": "What is Christian hope?"
  },
  "contenido": {
    "es": "La esperanza de vida eterna en un paraíso en la Tierra bajo el Reino de Dios.",
    "en": "The hope of everlasting life in a paradise on Earth under God's Kingdom."
  },
  "cita": "Juan 17:3",
  "argumentos": {
    "argumentos_biblicos": [],
    "argumentos_logicos": [],
    "argumentos_historicos": []
  },
  "versiculos": [
    "Juan 17:3"
  ],
  "enlaces": [],
  "fuentes_recomendadas": [],
  "conclusion": {
    "es": "",
    "en": ""
  },
  "categoria": "Esperanza"
}