{
  "titulo": {
    "es": "¿Qué enseña la Biblia sobre el alcohol?",
    "en": "What does the Bible teach about alcohol?"
  },
  "contenido": {
    "es": "No prohíbe beber, pero sí condena el abuso y la embriaguez.",
    "en": "It does not forbid drinking, but it condemns abuse and drunkenness."
  },
  "cita": "Efesios 5:18",
  "argumentos": {
    "argumentos_biblicos": [],
    "argumentos_logicos": [],
    "argumentos_historicos": []
  },
  "versiculos": [
    "Efesios 5:18"
  ],
  "enlaces": [],
  "fuentes_recomendadas": [],
  "conclusion": {
    "es": "",
    "en": ""
  },
  "categoria": "Conducta"
}