{
  "titulo": {
    "es": "¿Qué enseña la Biblia sobre el amor a los enemigos?",
    "en": "What does the Bible teach about love for enemies?"
  },
  "contenido": {
    "es": "Jesús enseñó que debemos amar, orar por ellos y no buscar venganza.",
    "en": "Jesus taught that we must love them, pray for them, and not seek revenge."
  },
  "cita": "Mateo 5:44",
  "argumentos": {
    "argumentos_biblicos": [],
    "argumentos_logicos": [],
    "argumentos_historicos": []
  },
  "versiculos": [
    "Mateo 5:44"
  ],
  "enlaces": [],
  "fuentes_recomendadas": [],
  "conclusion": {
    "es": "",
    "en": ""
  },
  "categoria": "Conducta"
}