{
  "titulo": {
    "es": "¿Qué significa seguir el ejemplo de Cristo?",
    "en": "What does it mean to follow Christ’s example?"
  },
  "contenido": {
    "es": "Imitar su amor, humildad, fe y obediencia a Jehová.",
    "en": "To imitate His love, humility, faith, and obedience to Jehovah."
  },
  "cita": "1 Pedro 2:21",
  "argumentos": {
    "argumentos_biblicos": [],
    "argumentos_logicos": [],
    "argumentos_historicos": []
  },
  "versiculos": [
    "1 Pedro 2:21"
  ],
  "enlaces": [],
  "fuentes_recomendadas": [],
  "conclusion": {
    "es": "",
    "en": ""
  },
  "categoria": "Doctrina"
}