{
  "titulo": {
    "es": "¿Qué es el libre albedrío?",
    "en": "What is free will?"
  },
  "contenido": {
    "es": "La capacidad que Dios nos dio para escoger entre el bien y el mal.",
    "en": "The ability God gave us to choose between right and wrong."
  },
  "cita": "Deuteronomio 30:19",
  "argumentos": {
    "argumentos_biblicos": [],
    "argumentos_logicos": [],
    "argumentos_historicos": []
  },
  "versiculos": [
    "Deuteronomio 30:19"
  ],
  "enlaces": [],
  "fuentes_recomendadas": [],
  "conclusion": {
    "es": "",
    "en": ""
  },
  "categoria": "Doctrina"
}