{
  "titulo": {
    "es": "¿Qué beneficios trae el estudio personal de la Biblia?",
    "en": "What benefits does personal Bible study bring?"
  },
  "contenido": {
    "es": "Fortalece nuestra fe, nos acerca a Dios y nos guía en la vida.",
    "en": "It strengthens our faith, draws us closer to God, and guides our life."
  },
  "cita": "Josué 1:8",
  "argumentos": {
    "argumentos_biblicos": [],
    "argumentos_logicos": [],
    "argumentos_historicos": []
  },
  "versiculos": [
    "Josué 1:8"
  ],
  "enlaces": [],
  "fuentes_recomendadas": [],
  "conclusion": {
    "es": "",
    "en": ""
  },
  "categoria": "Doctrina"
}