{
  "titulo": {
    "es": "¿Qué enseña la Biblia sobre el temor a Dios?",
    "en": "What does the Bible teach about fearing God?"
  },
  "contenido": {
    "es": "El temor de Jehová es el principio de la sabiduría.",
    "en": "The fear of Jehovah is the beginning of wisdom."
  },
  "cita": "Proverbios 9:10",
  "argumentos": {
    "argumentos_biblicos": [],
    "argumentos_logicos": [],
    "argumentos_historicos": []
  },
  "versiculos": [
    "Proverbios 9:10"
  ],
  "enlaces": [],
  "fuentes_recomendadas": [],
  "conclusion": {
    "es": "",
    "en": ""
  },
  "categoria": "Doctrina"
}