{
  "titulo": {
    "es": "¿Qué significa temer a Dios?",
    "en": "What does it mean to fear God?"
  },
  "contenido": {
    "es": "Significa tener profundo respeto y reverencia hacia Él, y evitar lo que le desagrada.",
    "en": "It means having deep respect and reverence for Him and avoiding what displeases Him."
  },
  "cita": "Proverbios 8:13",
  "argumentos": {
    "argumentos_biblicos": [],
    "argumentos_logicos": [],
    "argumentos_historicos": []
  },
  "versiculos": [
    "Proverbios 8:13"
  ],
  "enlaces": [],
  "fuentes_recomendadas": [],
  "conclusion": {
    "es": "",
    "en": ""
  },
  "categoria": "Doctrina"
}