{
  "titulo": {
    "es": "¿Qué enseña la Biblia sobre el matrimonio?",
    "en": "What does the Bible teach about marriage?"
  },
  "contenido": {
    "es": "Es una unión sagrada entre un hombre y una mujer, basada en el amor y el respeto.",
    "en": "It is a sacred union between a man and a woman, based on love and respect."
  },
  "cita": "Génesis 2:24",
  "argumentos": {
    "argumentos_biblicos": [],
    "argumentos_logicos": [],
    "argumentos_historicos": []
  },
  "versiculos": [
    "Génesis 2:24"
  ],
  "enlaces": [],
  "fuentes_recomendadas": [],
  "conclusion": {
    "es": "",
    "en": ""
  },
  "categoria": "Conducta"
}