{
  "titulo": {
    "es": "¿Qué es la santificación del nombre de Dios?",
    "en": "What is the sanctification of God’s name?"
  },
  "contenido": {
    "es": "Es honrar y dar gloria al nombre de Jehová con nuestra conducta y predicación.",
    "en": "It is to honor and glorify Jehovah’s name through our conduct and preaching."
  },
  "cita": "Mateo 6:9",
  "argumentos": {
    "argumentos_biblicos": [],
    "argumentos_logicos": [],
    "argumentos_historicos": []
  },
  "versiculos": [
    "Mateo 6:9"
  ],
  "enlaces": [],
  "fuentes_recomendadas": [],
  "conclusion": {
    "es": "",
    "en": ""
  },
  "categoria": "Doctrina"
}