{
  "titulo": {
    "es": "¿Qué dice la Biblia sobre la humildad?",
    "en": "What does the Bible say about humility?"
  },
  "contenido": {
    "es": "Jehová favorece a los humildes y se opone a los orgullosos.",
    "en": "Jehovah favors the humble and opposes the proud."
  },
  "cita": "Santiago 4:6",
  "argumentos": {
    "argumentos_biblicos": [],
    "argumentos_logicos": [],
    "argumentos_historicos": []
  },
  "versiculos": [
    "Santiago 4:6"
  ],
  "enlaces": [],
  "fuentes_recomendadas": [],
  "conclusion": {
    "es": "",
    "en": ""
  },
  "categoria": "Conducta"
}