{
  "titulo": {
    "es": "¿Qué significa tener fe?",
    "en": "What does it mean to have faith?"
  },
  "contenido": {
    "es": "Es confiar plenamente en las promesas de Jehová, aunque no las veamos aún.",
    "en": "It means to fully trust in Jehovah’s promises, even if we do not see them yet."
  },
  "cita": "Hebreos 11:1",
  "argumentos": {
    "argumentos_biblicos": [],
    "argumentos_logicos": [],
    "argumentos_historicos": []
  },
  "versiculos": [
    "Hebreos 11:1"
  ],
  "enlaces": [],
  "fuentes_recomendadas": [],
  "conclusion": {
    "es": "",
    "en": ""
  },
  "categoria": "Doctrina"
}