{
  "titulo": {
    "es": "¿Qué beneficios trae servir a Jehová?",
    "en": "What benefits come from serving Jehovah?"
  },
  "contenido": {
    "es": "Paz interior, esperanza segura y una relación estrecha con Dios.",
    "en": "Inner peace, solid hope, and a close relationship with God."
  },
  "cita": "Salmo 119:165",
  "argumentos": {
    "argumentos_biblicos": [],
    "argumentos_logicos": [],
    "argumentos_historicos": []
  },
  "versiculos": [
    "Salmo 119:165"
  ],
  "enlaces": [],
  "fuentes_recomendadas": [],
  "conclusion": {
    "es": "",
    "en": ""
  },
  "categoria": "Esperanza"
}