{
  "titulo": {
    "es": "¿Qué actitud tener hacia los errores del pasado?",
    "en": "What attitude should we have about past mistakes?"
  },
  "contenido": {
    "es": "Dios perdona y podemos aprender de ellos para mejorar.",
    "en": "God forgives, and we can learn from them to improve."
  },
  "cita": "Isaías 1:18",
  "argumentos": {
    "argumentos_biblicos": [],
    "argumentos_logicos": [],
    "argumentos_historicos": []
  },
  "versiculos": [
    "Isaías 1:18"
  ],
  "enlaces": [],
  "fuentes_recomendadas": [],
  "conclusion": {
    "es": "",
    "en": ""
  },
  "categoria": "Esperanza"
}