{
  "titulo": {
    "es": "¿Qué sucede cuando alguien muere?",
    "en": "What happens when someone dies?"
  },
  "contenido": {
    "es": "Deja de existir. No hay conciencia después de la muerte.",
    "en": "They cease to exist. There is no consciousness after death."
  },
  "cita": "Eclesiastés 9:5,10",
  "argumentos": {
    "argumentos_biblicos": [],
    "argumentos_logicos": [],
    "argumentos_historicos": []
  },
  "versiculos": [
    "Eclesiastés 9:5,10"
  ],
  "enlaces": [
    "https://www.jw.org/es/biblioteca/revistas/wp20131101/vida-despues-muerte/"
  ],
  "fuentes_recomendadas": [],
  "conclusion": {
    "es": "",
    "en": ""
  },
  "categoria": "Doctrina"
}