{
  "titulo": {
    "es": "¿Qué es el pecado según la Biblia?",
    "en": "What is sin according to the Bible?"
  },
  "contenido": {
    "es": "Es la desobediencia a las leyes de Dios.",
    "en": "It is disobedience to God's laws."
  },
  "cita": "1 Juan 3:4",
  "argumentos": {
    "argumentos_biblicos": [],
    "argumentos_logicos": [],
    "argumentos_historicos": []
  },
  "versiculos": [
    "1 Juan 3:4"
  ],
  "enlaces": [],
  "fuentes_recomendadas": [],
  "conclusion": {
    "es": "",
    "en": ""
  },
  "categoria": "Doctrina"
}