{
  "titulo": {
    "es": "¿Qué dice la Biblia sobre el divorcio?",
    "en": "What does the Bible say about divorce?"
  },
  "contenido": {
    "es": "Solo se permite por inmoralidad sexual.",
    "en": "It is only permitted in cases of sexual immorality."
  },
  "cita": "Mateo 19:9",
  "argumentos": {
    "argumentos_biblicos": [],
    "argumentos_logicos": [],
    "argumentos_historicos": []
  },
  "versiculos": [
    "Mateo 19:9"
  ],
  "enlaces": [],
  "fuentes_recomendadas": [],
  "conclusion": {
    "es": "",
    "en": ""
  },
  "categoria": "Debates"
}