{
  "titulo": {
    "es": "¿Qué dice la Biblia sobre la moralidad sexual?",
    "en": "What does the Bible say about sexual morality?"
  },
  "contenido": {
    "es": "Dios espera que evitemos la inmoralidad y seamos puros.",
    "en": "God expects us to avoid immorality and remain pure."
  },
  "cita": "1 Tesalonicenses 4:3-5",
  "argumentos": {
    "argumentos_biblicos": [],
    "argumentos_logicos": [],
    "argumentos_historicos": []
  },
  "versiculos": [
    "1 Tesalonicenses 4:3-5"
  ],
  "enlaces": [],
  "fuentes_recomendadas": [],
  "conclusion": {
    "es": "",
    "en": ""
  },
  "categoria": "Conducta"
}