{
  "titulo": {
    "es": "¿Qué dice la Biblia sobre la violencia?",
    "en": "What does the Bible say about violence?"
  },
  "contenido": {
    "es": "Los cristianos deben ser pacíficos y no recurrir a la violencia.",
    "en": "Christians should be peaceful and not resort to violence."
  },
  "cita": "Mateo 5:9",
  "argumentos": {
    "argumentos_biblicos": [],
    "argumentos_logicos": [],
    "argumentos_historicos": []
  },
  "versiculos": [
    "Mateo 5:9"
  ],
  "enlaces": [
    "https://www.jw.org/es/biblioteca/libros/buena-noticia-violencia/"
  ],
  "fuentes_recomendadas": [],
  "conclusion": {
    "es": "",
    "en": ""
  },
  "categoria": "Conducta Cristiana"
}