{
  "titulo": {
    "es": "¿Qué esperanza hay para los muertos?",
    "en": "What hope is there for the dead?"
  },
  "contenido": {
    "es": "La resurrección. Jehová devolverá la vida a los que han muerto.",
    "en": "The resurrection. Jehovah will restore life to those who have died."
  },
  "cita": "Juan 5:28-29",
  "argumentos": {
    "argumentos_biblicos": [],
    "argumentos_logicos": [],
    "argumentos_historicos": []
  },
  "versiculos": [
    "Juan 5:28-29"
  ],
  "enlaces": [
    "https://www.jw.org/es/biblioteca/libros/buena-noticia-resurreccion/"
  ],
  "fuentes_recomendadas": [],
  "conclusion": {
    "es": "",
    "en": ""
  },
  "categoria": "Esperanza"
}