{
  "titulo": {
    "es": "¿Quién es Dios?",
    "en": "Who is God?"
  },
  "contenido": {
    "es": "Dios es el Creador del cielo y la tierra, el Ser Supremo. Su nombre es Jehová.",
    "en": "God is the Creator of heaven and earth, the Supreme Being. His name is Jehovah."
  },
  "cita": "Salmo 83:18",
  "argumentos": {
    "argumentos_biblicos": [],
    "argumentos_logicos": [],
    "argumentos_historicos": []
  },
  "versiculos": [
    "Salmo 83:18"
  ],
  "enlaces": [
    "https://www.jw.org/es/biblioteca/libros/buena-noticia-quien-es-dios/"
  ],
  "fuentes_recomendadas": [],
  "conclusion": {
    "es": "",
    "en": ""
  },
  "categoria": "Doctrina"
}