{
  "titulo": {
    "es": "¿Quién es Satanás?",
    "en": "Who is Satan?"
  },
  "contenido": {
    "es": "Un ángel rebelde que se convirtió en el enemigo de Dios.",
    "en": "A rebellious angel who became God’s enemy."
  },
  "cita": "Apocalipsis 12:9",
  "argumentos": {
    "argumentos_biblicos": [],
    "argumentos_logicos": [],
    "argumentos_historicos": []
  },
  "versiculos": [
    "Apocalipsis 12:9"
  ],
  "enlaces": [
    "https://www.jw.org/es/biblioteca/revistas/g201502/satanas-quien-es/"
  ],
  "fuentes_recomendadas": [],
  "conclusion": {
    "es": "",
    "en": ""
  },
  "categoria": "Doctrina"
}