{
  "titulo": {
    "es": "¿Quién gobierna el mundo actualmente?",
    "en": "Who currently rules the world?"
  },
  "contenido": {
    "es": "Satanás es el gobernante temporal hasta que Jehová lo elimine.",
    "en": "Satan is the temporary ruler until Jehovah removes him."
  },
  "cita": "2 Corintios 4:4",
  "argumentos": {
    "argumentos_biblicos": [],
    "argumentos_logicos": [],
    "argumentos_historicos": []
  },
  "versiculos": [
    "2 Corintios 4:4"
  ],
  "enlaces": [
    "https://www.jw.org/es/biblioteca/revistas/wp20141201/quien-gobierna-el-mundo/"
  ],
  "fuentes_recomendadas": [],
  "conclusion": {
    "es": "",
    "en": ""
  },
  "categoria": "Doctrina"
}