{
  "titulo": {
    "es": "¿Se celebra la Navidad en la Biblia?",
    "en": "Is Christmas celebrated in the Bible?"
  },
  "contenido": {
    "es": "No. Sus orígenes son paganos y no fue ordenada por Jesús.",
    "en": "No. Its origins are pagan and it was not commanded by Jesus."
  },
  "cita": "Mateo 2:1-12",
  "argumentos": {
    "argumentos_biblicos": [],
    "argumentos_logicos": [],
    "argumentos_historicos": []
  },
  "versiculos": [
    "Mateo 2:1-12"
  ],
  "enlaces": [
    "https://www.jw.org/es/biblioteca/revistas/g201312/origen-navidad/"
  ],
  "fuentes_recomendadas": [],
  "conclusion": {
    "es": "",
    "en": ""
  },
  "categoria": "Debate Bíblico"
}